id,time,hindi (corrected),telugu (spoken),back-translation (EN),auto-flag,issue type,severity,suggested fix,reviewer status
0,00:00-00:04,क्या हर रोज़ पेट साफ़ करना आपके लिए मुश्किल होता जा रहा है?,రోజూ కడుపు శుభ్రంగా అవ్వడం మీకు కష్టంగా మారిపోతోందా?,Is getting your stomach cleared every day becoming difficult for you?,,,,,
1,00:04-00:08,"और इस कॉन्स्टिपेशन की वजह से आप बॉडी में लो एनर्जी,","ఈ మలబద్ధకం వల్ల మీకు బాడీలో లో ఎనర్జీ,","Because of this constipation, low energy in your body,",,,,,
2,00:08-00:12,"हैवीनेस, ब्लोटिंग या सिरदर्द जैसे सिम्प्टम्स भी एक्सपीरियंस करने लगे हैं?","హెవీనెస్, బ్లోటింగ్, తలనొప్పి లాంటి సింప్టమ్స్ కూడా మొదలయ్యాయా?","Have symptoms like heaviness, bloating, headache also started?",,,,,
3,00:13-00:19,"लैक्सेटिव्स, चूरन, त्रिफला, गरम पानी — सब ट्राय करने के बाद भी कोई परमानेंट सलूशन नहीं मिल रहा?","లాక్సేటివ్స్, చూర్ణం, త్రిఫల, వేడి నీళ్లు — అన్నీ ట్రై చేసినా పర్మనెంట్ సొల్యూషన్ దొరకడం లేదా?","Laxatives, churna, Triphala, hot water — even after trying everything, you are not finding a permanent solution?",,,,,
4,00:19-00:22,"अगर हाँ, तो आप एकदम सही जगह आए हैं।","అవునంటే, మీరు కరెక్ట్ ప్లేస్‌కే వచ్చారు.","If yes, you have come to exactly the correct place.",,,,,
5,00:22-00:26,"इस वीडियो में आप जानेंगे पाँच शक्तिशाली तरीक़ों के बारे में,","ఈ వీడియోలో మీరు ఐదు పవర్‌ఫుల్ పద్ధతుల గురించి తెలుసుకుంటారు,","In this video you will learn about five powerful methods,",,,,,
6,00:26-00:30,"जो आपको कॉन्स्टिपेशन को जड़ से ख़त्म करने में मदद करेंगे,",అవి మలబద్ధకాన్ని రూట్ నుంచే పోగొట్టడంలో మీకు హెల్ప్ చేస్తాయి —,They will help you get rid of constipation right from the root —,health-claim,,,,
7,00:30-00:32,सिर्फ़ इक्कीस दिनों में।,జస్ట్ ఇరవై ఒక్క రోజుల్లో.,In just twenty-one days.,health-claim,,,,
8,00:32-00:35,"आगे आप जानेंगे एक ऐसे हर्ब के बारे में,","తర్వాత, ఒక స్పెషల్ హెర్బ్ గురించి తెలుసుకుంటారు —","Later, you will learn about a special herb —",,,,,
9,00:35-00:38,"जो आपके बावेल मूवमेंट्स को नैचुरली रेगुलेट करता है,","అది మీ మోషన్‌ని నేచురల్‌గా రెగ్యులేట్ చేస్తుంది,","It naturally regulates your motion,",health-claim,,,,
10,00:38-00:40,और आपकी किचन में अभी मौजूद है।,అది ఇప్పుడు మీ కిచెన్‌లోనే ఉంది.,And it is right there in your kitchen now.,,,,,
11,00:40-00:42,"और उस एक ऐसी चीज़ के बारे में,",ఇంకా అలాంటి ఒక విషయం గురించి —,And also about one such thing —,,,,,
12,00:42-00:45,"जो कॉन्स्टिपेशन में अक्सर डॉक्टर्स रिकमेंड करते हैं,","మలబద్ధకానికి డాక్టర్లు తరచూ రికమెండ్ చేసేది,","The one doctors often recommend for constipation,",,,,,
13,00:45-00:49,लेकिन वो आपकी कंडीशन को एक्चुअली और ज़्यादा बिगाड़ देता है।,కానీ అది యాక్చువల్‌గా మీ కండిషన్‌ని ఇంకా పాడు చేస్తుంది.,But it actually spoils your condition even more.,health-claim,,,,
14,00:52-00:55,आइए शुरू करते हैं अपने पहले टूल से।,"రండి, మన మొదటి టూల్‌తో స్టార్ట్ చేద్దాం.","Come, let us start with our first tool.",,,,,
15,00:56-00:59,"आजकल हम वेस्टर्न टॉयलेट्स यूज़ करने लगे हैं,",ఈ రోజుల్లో మనం వెస్ట్రన్ టాయిలెట్స్ వాడేస్తున్నాం.,These days we have taken to using western toilets.,,,,,
16,00:59-01:03,जिनमें आपकी बॉडी और नीज़ का ऐसे नब्बे डिग्री का ऐंगल बनता है।,"వాటిలో మీ బాడీకి, మోకాళ్లకి మధ్య ఇలా తొంభై డిగ్రీల యాంగిల్ వస్తుంది.","In them, an angle of ninety degrees comes like this between your body and knees.",,,,,
17,01:03-01:10,"अब प्रॉब्लम ये है कि इस पोज़िशन में आपकी इंटेस्टाइन का आख़िरी हिस्सा — आपका रेक्टम — बेंट रहता है,","ప్రాబ్లమ్ ఏంటంటే — ఈ పొజిషన్‌లో మీ పేగు చివరి భాగం, అంటే రెక్టమ్, వంగి ఉంటుంది.","The problem is — in this position the last part of your intestine, that is the rectum, stays bent.",,,,,
18,01:10-01:16,जिसकी वजह से वेस्ट स्मूदली पास नहीं हो पाता और आपको बहुत ज़ोर लगाना पड़ता है।,"దాని వల్ల వేస్ట్ స్మూత్‌గా బయటికి వెళ్లదు, మీరు చాలా ఫోర్స్ పెట్టాల్సి వస్తుంది.","Because of that the waste does not go out smoothly, and you have to apply a lot of force.",,,,,
19,01:16-01:20,"इसीलिए ट्रेडिशनली हमारे देश में इंडियन टॉयलेट्स होते थे,",అందుకే మన దేశంలో పూర్వం నుంచీ ఇండియన్ టాయిలెట్స్ ఉండేవి.,"That is why, from earlier times, there used to be Indian toilets in our country.",,,,,
20,01:20-01:23,जिनमें हमें स्क्वाट करके बैठना पड़ता था।,వాటిలో మనం స్క్వాట్ చేసి కూర్చోవాల్సి వచ్చేది.,In them we had to sit in a squat.,,,,,
21,01:24-01:28,"इस पोज़िशन में बेसिकली वो बेंट पाइप सीधा हो जाता था,",ఈ పొజిషన్‌లో బేసిక్‌గా ఆ వంగిన పైప్ స్ట్రెయిట్ అయిపోయేది.,"In this position, basically, that bent pipe would become straight.",,,,,
22,01:28-01:32,"और बॉडी स्टूल को ईज़िली रिलीज़ कर पाती थी, बिना कोई प्रेशर डाले।",బాడీ ఎలాంటి ప్రెషర్ లేకుండా మోషన్‌ని ఈజీగా రిలీజ్ చేసేసేది.,"The body would release the motion easily, without any pressure.",,,,,
23,01:32-01:38,"अरे चिंता मत कीजिए, मैं आपको इंडियन टॉयलेट अपने घर पे इंस्टॉल करने के लिए नहीं बोलूँगी।","అయ్యో, టెన్షన్ పడకండి — ఇంట్లో ఇండియన్ టాయిలెట్ పెట్టించుకోమని నేను చెప్పను!","Oh, do not take tension — I will not tell you to get an Indian toilet installed at home!",,,,,
24,01:38-01:42,आप अपने वेस्टर्न टॉयलेट में भी इस स्क्वाट पोज़िशन का बेनिफ़िट ले सकते हैं।,మీ వెస్ట్రన్ టాయిలెట్‌లోనే ఈ స్క్వాట్ పొజిషన్ బెనిఫిట్ తీసుకోవచ్చు.,You can take the benefit of this squat position in your western toilet itself.,,,,,
25,01:42-01:45,कैसे? एक फ़ुट स्टूल के ज़रिए।,ఎలా? ఒక ఫుట్ స్టూల్ ద్వారా.,How? Through a foot stool.,,,,,
26,01:45-01:49,अपने WC के आगे एक फ़ुट स्टूल रख लीजिए।,మీ టాయిలెట్ ముందు ఒక ఫుట్ స్టూల్ పెట్టుకోండి.,Place a foot stool in front of your toilet.,health-claim,,,,
27,01:49-01:53,"अगर ये न मिल पाए, तो एक बाल्टी को उल्टा करके भी रख सकते हैं।","అది దొరక్కపోతే, ఒక బకెట్‌ని బోర్లా పెట్టి కూడా వాడుకోవచ్చు.","If that is not available, you can also place a bucket upside down and use it.",health-claim,,,,
28,01:53-01:58,इससे आपकी बॉडी को काफ़ी हद तक उसी स्क्वाटिंग पोज़िशन का फ़ायदा मिलता है।,దీంతో మీ బాడీకి చాలా వరకూ అదే స్క్వాటింగ్ పొజిషన్ బెనిఫిట్ దొరుకుతుంది.,"With this, your body gets the benefit of that same squatting position to a large extent.",,,,,
29,01:59-02:02,"अब मुझे पता है, आप में से कुछ लोग क्या सोच रहे होंगे —",మీలో కొందరు ఏం అనుకుంటున్నారో నాకు తెలుసు —,I know what some of you must be thinking —,,,,,
30,02:02-02:05,इतनी छोटी सी चीज़ बदलने से क्या ही फ़र्क़ पड़ेगा?,"ఇంత చిన్న విషయం మార్చితే ఏం తేడా వస్తుందిలే అని, కదా?","What difference will changing such a small thing make anyway, right?",,,,,
31,02:05-02:10,"वेल, फ़र्क़ पड़ेगा। इन फ़ैक्ट, फ़ुट स्टूल पे तो काफ़ी रिसर्च भी की गई है,",తేడా వస్తుంది! నిజానికి ఫుట్ స్టూల్ మీద చాలా రీసెర్చ్ కూడా జరిగింది.,"It will make a difference! In fact, a lot of research has also been done on the foot stool.",,,,,
32,02:10-02:17,"जो बताती है कि जिन लोगों ने इसको यूज़ किया, उनको मोशन पास करने में पहले से सिर्फ़ आधा समय लगा।",అందులో తేలిందేంటంటే — దీన్ని వాడిన వాళ్లకి మోషన్ పాస్ అవ్వడానికి ముందు కంటే సగం టైమే పట్టింది.,"What came out in it is — for those who used this, passing motion took only half the time compared to before.",health-claim,,,,
33,02:17-02:24,"उन्हें ज़ोर कम लगाना पड़ा, और उठने के बाद उनको बॉडी में ज़्यादा ख़ालीपन और मन में ज़्यादा सैटिस्फ़ैक्शन फ़ील हुआ।","వాళ్లు తక్కువ ఫోర్స్ పెట్టాల్సి వచ్చింది — లేచాక బాడీ ఖాళీగా, తేలిగ్గా అనిపించింది, మనసుకి ఎక్కువ శాటిస్‌ఫాక్షన్ దొరికింది.","They had to apply less force — after getting up the body felt empty and light, and the mind got more satisfaction.",health-claim,,,,
34,02:25-02:29,तो आप भी आज से ही इस फ़ुट स्टूल को यूज़ करना शुरू करें।,కాబట్టి మీరు కూడా ఈ రోజు నుంచే ఫుట్ స్టూల్ వాడడం స్టార్ట్ చేయండి.,So you too start using the foot stool from today itself.,health-claim,,,,
35,02:29-02:33,अगले स्टेप पर बढ़ने से पहले एक चीज़ समझना बहुत ज़रूरी है —,నెక్స్ట్ స్టెప్‌కి వెళ్లే ముందు ఒక విషయం అర్థం చేసుకోవడం చాలా ముఖ్యం —,"Before going to the next step, it is very important to understand one thing —",,,,,
36,02:33-02:36,ये पेट साफ़ न होने की प्रॉब्लम होती क्यों है?,కడుపు శుభ్రం అవ్వకపోవడం ఎందుకు జరుగుతుంది?,Why does the stomach not getting cleared happen?,,,,,
37,02:36-02:39,"देखिए, जब हम शरीर को एक्सरसाइज़ नहीं देते,","చూడండి, మనం బాడీకి ఎక్సర్‌సైజ్ ఇవ్వనప్పుడు,","See, when we do not give the body exercise,",,,,,
38,02:39-02:42,"जब हम ज़्यादातर ऐसा खाना खाते हैं जिसमें पानी कम होता है,","నీళ్ల శాతం తక్కువుండే ఫుడ్ ఎక్కువ తిన్నప్పుడు,","When we eat mostly food with low water percentage,",,,,,
39,02:42-02:44,"या जब हम बहुत स्ट्रेस लेते हैं,","లేదా బాగా స్ట్రెస్ తీసుకున్నప్పుడు,","Or when we take a lot of stress,",,,,,
40,02:44-02:49,या अगर हम रिपीटेडली अपनी बॉडी के मोशन पास करने के सिग्नल को इग्नोर करते रहते हैं —,లేదా మోషన్‌కి వెళ్లమని బాడీ ఇచ్చే సిగ్నల్‌ని మళ్లీ మళ్లీ ఇగ్నోర్ చేస్తున్నప్పుడు —,"Or when we keep ignoring, again and again, the signal the body gives to go for motion —",,,,,
41,02:49-02:54,इनमें से किसी एक रीज़न की वजह से भी शरीर वेस्ट को ढंग से एलिमिनेट नहीं कर पाता।,వీటిలో ఏ ఒక్క కారణం వల్లనైనా బాడీ వేస్ట్‌ని సరిగ్గా బయటికి పంపలేకపోతుంది.,"Due to even one of these reasons, the body becomes unable to send the waste out properly.",,,,,
42,02:54-02:58,नैचुरली वो हमारी इंटेस्टाइन की दीवार पर चिपक जाता है।,సహజంగానే అది మన పేగుల గోడలకి అంటుకుపోతుంది.,"Naturally, it sticks to the walls of our intestines.",,,,,
43,02:58-03:03,"वक़्त के साथ हम अपनी आदतें तो बदलते नहीं, तो ये लेयर बढ़ती रहती है।",టైమ్‌తో పాటు మన అలవాట్లు మారవు కదా — దాంతో ఈ లేయర్ పెరుగుతూనే ఉంటుంది.,"With time our habits do not change, right — so this layer keeps growing.",,,,,
44,03:34-03:39,"आपको पता है, आपका कोलन आपकी बॉडी के हर सेल और टिशू से कनेक्टेड है।","మీకు తెలుసా? మీ కోలన్ మీ బాడీలోని ప్రతి సెల్‌తో, టిష్యూతో కనెక్ట్ అయి ఉంది.",Do you know? Your colon is connected with every cell and tissue in your body.,term-choice,,,,
45,03:39-03:45,"अगर यहाँ गड़बड़ होगी, तो वो शरीर के अलग-अलग हिस्सों में डिस्टर्बेंस लाएगी ही लाएगी।","ఇక్కడ ఏదైనా తేడా జరిగితే, అది బాడీలో వేరే వేరే చోట్ల డిస్టర్బెన్స్ తెచ్చి తీరుతుంది.","If something goes wrong here, it will definitely bring disturbance in different places in the body.",health-claim,,,,
46,03:45-03:50,"क्योंकि वो वेस्ट अंदर सड़ने लगता है, टॉक्सिन्स प्रोड्यूस करता है।","ఎందుకంటే ఆ వేస్ట్ లోపల కుళ్లిపోవడం స్టార్ట్ అవుతుంది, టాక్సిన్స్ ప్రొడ్యూస్ చేస్తుంది.","Because that waste starts rotting inside, and produces toxins.",health-claim,,,,
47,04:03-04:10,"जो भी हमारा वीकेस्ट ऑर्गन होता है, ये टॉक्सिन्स उसकी फ़ंक्शनिंग को डिस्टर्ब करते हैं और उसमें बीमारी लाते हैं।","మన బాడీలో ఏ ఆర్గన్ వీక్‌గా ఉంటుందో — ఈ టాక్సిన్స్ దాని ఫంక్షనింగ్‌ని డిస్టర్బ్ చేసి, అక్కడ జబ్బు తీసుకొస్తాయి.",Whichever organ in our body is weak — these toxins disturb its functioning and bring illness there.,health-claim,,,,
48,04:10-04:14,इसीलिए तो कॉन्स्टिपेशन को मदर ऑफ़ ऑल डिज़ीज़ेज़ बोला जाता है।,అందుకే మలబద్ధకాన్ని అన్ని రోగాలకూ తల్లి అంటారు.,That is why constipation is called the mother of all diseases.,health-claim,,,,
49,04:14-04:25,"मेरा आपको ये सब बताने का इंटेंशन सिर्फ़ ये है कि आप इस प्रॉब्लम को प्लीज़ लाइटली न लें, टालते न रहें, ऐक्शन लें, और उसको पूरी तरह हील करें।","నేను ఇదంతా చెప్పడంలో ఉద్దేశం ఒక్కటే — ప్లీజ్, ఈ ప్రాబ్లమ్‌ని లైట్‌గా తీసుకోకండి, వాయిదా వేస్తూ ఉండకండి. యాక్షన్ తీసుకోండి, దీన్ని పూర్తిగా హీల్ చేసుకోండి.","My only intention in telling you all this is — please do not take this problem lightly, do not keep postponing. Take action, and heal it completely.",health-claim,,,,
50,04:25-04:27,"चलिए, बढ़ें अपने सेकंड स्टेप पे?","పదండి, మన సెకండ్ స్టెప్‌కి వెళ్దామా?","Come, shall we go to our second step?",,,,,
51,04:27-04:32,वो है — कंज़्यूम एट लीस्ट वन क्लेंज़िंग ड्रिंक पर डे।,అదే — రోజుకి కనీసం ఒక క్లెన్సింగ్ డ్రింక్ తాగడం.,That is — drinking at least one cleansing drink per day.,health-claim,,,,
52,04:32-04:39,"अब मैं आपके साथ ऐसे तीन जूसेस और एक स्पेशल टी के बारे में शेयर करने वाली हूँ, जो आपके लिए बहुत बेनिफ़िशियल होंगे।","ఇప్పుడు మీకు చాలా బెనిఫిషియల్‌గా ఉండే మూడు జ్యూస్‌లు, ఒక స్పెషల్ టీ గురించి షేర్ చేయబోతున్నాను.",Now I am going to share with you three juices and one special tea that will be very beneficial for you.,,,,,
53,04:40-04:46,"पहला — सफ़ेद पेठे का जूस, यानी ऐश गार्ड जूस। ये ऐश गार्ड आपको किसी भी सब्ज़ी वाले के पास मिल जाएगा।","మొదటిది — బూడిద గుమ్మడికాయ జ్యూస్, అంటే యాష్ గోర్డ్ జ్యూస్. ఇది మీకు ఏ కూరగాయల షాపులోనైనా దొరికేస్తుంది.","First — ash gourd (boodida gummadikaya) juice, that is 'ash gourd' juice. You will easily get this at any vegetable shop.",term-choice,,,,
54,04:46-04:51,"छिलका और बीज हटाओ, ब्लेंड करो, छान लो — और हो गया आपका जूस रेडी।","తొక్క, గింజలు తీసేసి, బ్లెండ్ చేసి, వడకట్టండి — అంతే, మీ జ్యూస్ రెడీ!","Remove the peel and seeds, blend, strain — that is it, your juice is ready!",health-claim,,,,
55,04:51-04:55,"आँवला जूस — ये आपकी डाइजेस्टिव फ़ायर को बढ़ाता है,","ఉసిరి జ్యూస్ — ఇది మీ డైజెస్టివ్ ఫైర్‌ని పెంచుతుంది,","Amla (usiri) juice — this increases your digestive fire,",health-claim,,,,
56,04:55-04:59,जो अल्टिमेटली डाइजेशन और बावेल क्लियरिंग दोनों में हेल्प करता है।,"అది డైజెషన్‌కీ, కడుపు క్లియర్ అవ్వడానికీ — రెండింటికీ హెల్ప్ చేస్తుంది.",That helps both digestion and the stomach getting cleared.,health-claim,,,,
57,04:59-05:07,"तीन आँवला पानी के साथ ब्लेंड करो, छान लो, फिर दो-तीन गुना और पानी मिलाके पी लो।","మూడు ఉసిరికాయల్ని నీళ్లతో బ్లెండ్ చేసి, వడకట్టి, తర్వాత రెండు మూడు రెట్లు నీళ్లు కలిపి తాగేయండి.","Blend three amla fruits with water, strain, then add two to three times more water and drink it up.",health-claim,,,,
58,05:08-05:11,कोकोनट वॉटर विद सब्जा सीड्स।,సబ్జా గింజలతో కొబ్బరి నీళ్లు.,Coconut water with sabja seeds.,,,,,
59,05:11-05:15,कोकोनट वॉटर अपने आप में ही माइल्डली लैक्सेटिव होता है।,కొబ్బరి నీళ్లు అసలే నేచురల్‌గా మైల్డ్ లాక్సేటివ్‌లా పని చేస్తాయి.,Coconut water by itself naturally works like a mild laxative.,health-claim,,,,
60,05:15-05:18,उसमें एक चौथाई चम्मच सब्जा सीड्स मिला लो।,అందులో పావు స్పూను సబ్జా గింజలు కలిపేయండి.,Mix in a quarter spoon of sabja seeds in it.,health-claim,,,,
61,05:18-05:20,पाँच मिनट में ही वो स्वेल हो जाते हैं।,ఐదు నిమిషాల్లోనే అవి ఉబ్బిపోతాయి.,Within just five minutes they swell up.,,,,,
62,05:20-05:24,ये भी आपके गट को क्लीन करने में बहुत मदद करते हैं।,ఇవి కూడా మీ గట్‌ని క్లీన్ చేయడంలో బాగా హెల్ప్ చేస్తాయి.,These also help a lot in cleaning your gut.,health-claim,,,,
63,05:24-05:26,और फ़ोर्थ — फ़ेनल टी।,ఇక ఫోర్త్ — ఫెన్నెల్ టీ.,And fourth — fennel tea.,,,,,
64,05:26-05:29,"फ़ेनल यानी सौंफ़ — वही स्पेशल हर्ब है,",ఫెన్నెల్ అంటే సోంపు — అదే ఆ స్పెషల్ హెర్బ్!,Fennel means sompu — that itself is the special herb!,term-choice,,,,
65,05:29-05:32,"जो आपके डाइजेस्टिव सीक्रीशन्स को बढ़ाता है,","అది మీ డైజెస్టివ్ సీక్రెషన్స్‌ని పెంచుతుంది,","It increases your digestive secretions,",health-claim,,,,
66,05:32-05:34,"जिससे आपकी अग्नि और इंप्रूव होती है,","దాంతో మీ అగ్ని ఇంకా ఇంప్రూవ్ అవుతుంది,","With that your agni improves further,",health-claim,,,,
67,05:34-05:36,और बावेल्स और ईज़िली क्लियर हो पाते हैं।,మోషన్ ఇంకా ఈజీగా అయిపోతుంది.,Motion happens even more easily.,health-claim,,,,
68,05:36-05:38,"फ़ेनल टी बनाने के लिए, सिंपली —","ఫెన్నెల్ టీ చేయడానికి, సింపుల్‌గా —","To make fennel tea, simply —",,,,,
69,05:38-05:41,"आधा टीस्पून सौंफ़ को एक कप पानी में उबाल लें,","అర టీస్పూను సోంపుని ఒక కప్పు నీళ్లలో మరిగించండి,","Boil half a teaspoon of sompu in one cup of water,",health-claim,,,,
70,05:41-05:43,और फिर कप में निकाल लें।,తర్వాత కప్పులో వంపుకోండి.,Then pour it into a cup.,,,,,
71,05:43-05:45,इसको छानने की कोई ज़रूरत नहीं।,దీన్ని వడకట్టాల్సిన అవసరం కూడా లేదు.,There is no need even to strain this.,,,,,
72,05:45-05:48,आप इन तीन में से किसी भी एक जूस को —,ఈ మూడు జ్యూస్‌లలో ఏదో ఒకటి —,Any one of these three juices —,,,,,
73,05:49-05:51,जो आपके लिए ईज़िली अवेलेबल हो —,మీకు ఈజీగా దొరికేది —,Whichever is easily available to you —,,,,,
74,05:51-05:53,"उसको सुबह पी लीजिए,","పొద్దున్నే తాగేయండి,","Drink it up in the morning,",health-claim,,,,
75,05:53-05:55,अपने ब्रेकफ़ास्ट से एक-डेढ़ घंटे पहले।,"మీ బ్రేక్‌ఫాస్ట్‌కి గంట, గంటన్నర ముందు.",An hour or an hour and a half before your breakfast.,health-claim,,,,
76,05:55-05:58,"और फिर एक बड़ा टम्बलर इस चाय का बनाके रख लीजिए,","తర్వాత ఈ టీని ఒక పెద్ద టంబ్లర్‌లో చేసి పెట్టుకోండి,","Then make this tea in a big tumbler and keep it,",,,,,
77,05:58-06:00,जिसमें ये गरम रहे।,అందులో అది వేడిగా ఉంటుంది.,"In it, it stays hot.",,,,,
78,06:00-06:03,और पूरे दिन आप थोड़ी-थोड़ी चाय सिप करते रह सकते हैं।,రోజంతా కొంచెం కొంచెం సిప్ చేస్తూ ఉండొచ్చు.,You can keep sipping little by little all day.,health-claim,,,,
79,06:03-06:05,"अब, जब हम डॉक्टर्स के पास जाते हैं,","ఇక మనం డాక్టర్ల దగ్గరికి వెళ్లినప్పుడు,","Now, when we go to the doctors,",,,,,
80,06:05-06:08,"वो हमें अक्सर एक ऐसी चीज़ प्रिस्क्राइब करते हैं,",వాళ్లు మనకి తరచూ ఒక వస్తువు ప్రిస్క్రైబ్ చేస్తారు —,They often prescribe us one thing —,,,,,
81,06:08-06:11,"जिससे शॉर्ट टर्म में तो रिलीफ़ मिलता है,","దానితో షార్ట్ టర్మ్‌లో రిలీఫ్ అయితే దొరుకుతుంది,","With it, relief is indeed found in the short term,",,,,,
82,06:11-06:15,"लेकिन जैसे ही लेना बंद करो, प्रॉब्लम वापस आ जाती है।",కానీ తీసుకోవడం ఆపగానే ప్రాబ్లమ్ మళ్లీ వచ్చేస్తుంది.,"But as soon as you stop taking it, the problem comes right back.",health-claim,,,,
83,06:15-06:17,हम बात कर रहे हैं लैक्सेटिव्स की।,ఇది లాక్సేటివ్స్ గురించి.,This is about laxatives.,,,,,
84,06:17-06:21,"जब आप इनको लेते हैं, बॉडी को इनकी आदत लग जाती है।","వీటిని తీసుకుంటూ ఉంటే, బాడీకి వీటి అలవాటు పడిపోతుంది.","If you keep taking these, the body gets habituated to them.",health-claim,,,,
85,06:21-06:25,और एक टाइम बाद बिना लैक्सेटिव्स के मोशन आता ही नहीं।,కొన్నాళ్లకి లాక్సేటివ్ లేకుండా మోషనే అవ్వదు.,"After some days, without a laxative, motion just does not happen.",health-claim,,,,
86,06:26-06:28,हमें इस साइकिल में नहीं पड़ना।,మనం ఈ సైకిల్‌లో పడకూడదు.,We must not fall into this cycle.,health-claim,,,,
87,06:28-06:32,आपकी इंटेस्टाइन को किसी भी चीज़ की आदत नहीं लगने देनी है।,మీ పేగులకి ఏ వస్తువు అలవాటూ పడనివ్వకూడదు.,You must not let your intestines get habituated to anything.,health-claim,,,,
88,06:32-06:36,"ये जूसेस और हर्बल टी माँ प्रकृति के नैचुरल लैक्सेटिव्स हैं,","ఈ జ్యూస్‌లు, హెర్బల్ టీ — ఇవి ప్రకృతి తల్లి ఇచ్చిన నేచురల్ లాక్సేటివ్స్.",These juices and herbal tea — these are natural laxatives given by mother nature.,,,,,
89,06:36-06:38,लेकिन इनकी कभी आदत नहीं लगती।,కానీ వీటి అలవాటు మాత్రం ఎప్పటికీ పడదు.,But one never gets habituated to these.,health-claim,,,,
90,06:38-06:41,चलिए बढ़ते हैं अपने थर्ड स्टेप पे —,"పదండి, మన థర్డ్ స్టెప్‌కి వెళ్దాం —","Come, let us go to our third step —",,,,,
91,06:41-06:43,ईट मोर वॉटर-रिच फ़ूड।,వాటర్-రిచ్ ఫుడ్ ఎక్కువ తినడం.,Eating more water-rich food.,length-risk,,,,
92,06:43-06:46,"देखिए, फ़ूड दो तरह के होते हैं —","చూడండి, ఫుడ్ రెండు రకాలు —","See, food is of two kinds —",,,,,
93,06:46-06:48,वॉटर-रिच और वॉटर-पुअर।,"వాటర్-రిచ్, వాటర్-పూర్.",Water-rich and water-poor.,,,,,
94,06:48-06:50,"वॉटर-रिच वो होते हैं जिनमें रस भरा होता है,","వాటర్-రిచ్ అంటే రసం నిండి ఉండేవి,","Water-rich means those filled with juice,",,,,,
95,06:50-06:52,जैसे सभी फ्रूट्स —,అంటే అన్ని పండ్లూ —,"That is, all fruits —",,,,,
96,06:52-06:55,"पपीता, तरबूज़, ख़रबूजा, संतरा, सेब, अंगूर, पाइनैपल, बेरीज़।","బొప్పాయి, పుచ్చకాయ, కర్బూజా, నారింజ, ఆపిల్, ద్రాక్ష, పైనాపిల్, బెర్రీస్.","Papaya, watermelon, muskmelon, orange, apple, grapes, pineapple, berries.",length-risk,,,,
97,06:56-06:58,और साथ ही ज़्यादातर सब्ज़ियाँ —,అలాగే చాలా వరకూ కూరగాయలు —,"Likewise, most vegetables —",,,,,
98,06:58-07:02,"जैसे टमाटर, खीरा, पालक, लौकी, तोरई, बीन्स, टिंडा।","టమాటా, దోసకాయ, పాలకూర, సొరకాయ, బీరకాయ, బీన్స్, టిండా.","Tomato, cucumber, spinach, bottle gourd, ridge gourd, beans, tinda.",term-choice,,,,
99,07:04-07:07,"अब दूसरी तरफ़, वॉटर-पुअर फ़ूड्स में आते हैं —","ఇక రెండో వైపు, వాటర్-పూర్ ఫుడ్స్‌లో వస్తాయి —","Now on the other side, in water-poor foods come —",,,,,
100,07:07-07:09,"अनाज, दालें और मेवे।","ధాన్యాలు, పప్పులు, డ్రై ఫ్రూట్స్.","Grains, pulses, dry fruits.",,,,,
101,07:09-07:16,"जैसे रोटी, चावल, गेहूँ, दाल, छोले, चना, राजमा, लोबिया, रागी, बादाम, पिस्ता, अख़रोट।","రోటీ, అన్నం, గోధుమ, పప్పు, శనగలు, రాజ్మా, అలసందలు, రాగి, బాదం, పిస్తా, వాల్‌నట్స్.","Roti, rice, wheat, dal, chickpeas, rajma, black-eyed peas, ragi, almonds, pistachios, walnuts.",,,,,
102,07:16-07:21,अगर आप किसी फ़ूड को सिंपली अपने हाथ में रखो और थोड़ा प्रेस करो —,"ఏదైనా ఫుడ్‌ని సింపుల్‌గా చేతిలో పెట్టుకుని, కొద్దిగా ప్రెస్ చేసి చూడండి —",Simply take any food in your hand and press it a little and see —,,,,,
103,07:21-07:24,"अगर उसमें से रस निकले, तो समझ जाना वो वॉटर-रिच है।","రసం వస్తే, అది వాటర్-రిచ్ అని అర్థం.","If juice comes out, it means it is water-rich.",,,,,
104,07:24-07:28,"और अगर कुछ न निकले, तो समझ जाना वो एक वॉटर-पुअर फ़ूड है।","ఏమీ రాకపోతే, అది వాటర్-పూర్ ఫుడ్ అనుకోండి.","If nothing comes out, take it that it is a water-poor food.",,,,,
105,07:28-07:31,अब शायद आप सोच रहे हों कि वॉटर-पुअर फ़ूड बुरे होते हैं।,వాటర్-పూర్ ఫుడ్స్ చెడ్డవేమో అని మీరు అనుకోవచ్చు.,You might be thinking that water-poor foods are bad.,,,,,
106,07:31-07:35,बिल्कुल नहीं — इनका बॉडी में अपना एक बहुत इम्पॉर्टेन्ट रोल होता है।,అస్సలు కాదు — బాడీలో వీటికీ చాలా ఇంపార్టెంట్ రోల్ ఉంది.,Not at all — these too have a very important role in the body.,,,,,
107,07:35-07:40,प्रॉब्लम तब होती है जब हमारा पूरा दिन सिर्फ़ इन्हीं पे चलता है।,ప్రాబ్లమ్ ఎప్పుడంటే — మన రోజంతా వీటి మీదే నడిచినప్పుడు.,The problem is when our whole day runs only on these.,,,,,
108,07:40-07:44,"फ़ॉर एग्ज़ाम्पल, अगर आप एक मिक्सी में सिर्फ़ सूखी चीज़ें डालें —","ఫర్ ఎగ్జాంపుల్, మిక్సీలో పొడి వస్తువులే వేశారనుకోండి —","For example, suppose you put only dry things in the mixer —",,,,,
109,07:44-07:48,"रोटी, दाल, चावल — ब्लेड कितना भी पावरफ़ुल क्यों न हो,","రోటీ, పప్పు, అన్నం — బ్లేడ్ ఎంత పవర్‌ఫుల్ అయినా సరే,","Roti, dal, rice — no matter how powerful the blade is,",,,,,
110,07:48-07:50,कुछ मिक्स हो पाएगा?,ఏమైనా మిక్స్ అవుతుందా?,Will anything get mixed?,,,,,
111,07:50-07:55,"नहीं। लेकिन वहीं अगर बीच-बीच में थोड़ा टमाटर, खीरा और लौकी डाल दो,","అవ్వదు. కానీ మధ్య మధ్యలో కాస్త టమాటా, దోసకాయ, సొరకాయ వేస్తే,","It will not. But if in between you add a little tomato, cucumber and bottle gourd,",,,,,
112,07:55-07:58,सब कुछ आसानी से ब्रेकडाउन हो जाएगा।,అంతా ఈజీగా బ్రేక్‌డౌన్ అయిపోతుంది.,Everything easily breaks down.,,,,,
113,07:58-08:01,आपको समझ में आ रहा है मैं क्या बोल रही हूँ?,నేను చెప్పేది అర్థమవుతోందా?,Are you understanding what I am saying?,,,,,
114,08:01-08:04,आपके गट में भी कुछ ऐसा ही होता है।,మీ గట్‌లో కూడా సేమ్ ఇదే జరుగుతుంది.,"In your gut too, the same thing happens.",,,,,
115,08:04-08:10,"अगर सिर्फ़ ड्राय वॉटर-पुअर फ़ूड खाते हो, सिस्टम उनको अच्छे से और जल्दी से ब्रेकडाउन नहीं कर पाता,","డ్రై వాటర్-పూర్ ఫుడ్ మాత్రమే తింటే, సిస్టమ్ దాన్ని సరిగ్గా, త్వరగా బ్రేక్‌డౌన్ చేయలేకపోతుంది,","If you eat only dry water-poor food, the system cannot break it down properly and quickly,",,,,,
116,08:10-08:12,उसको निकाल नहीं पाता।,దాన్ని బయటికీ పంపలేకపోతుంది.,It cannot send it out either.,,,,,
117,08:12-08:15,"दूसरी तरफ़, वॉटर-रिच फ़ूड वो मॉइस्चर ऐड करते हैं,","కానీ వాటర్-రిచ్ ఫుడ్స్ ఆ మాయిశ్చర్‌ని యాడ్ చేస్తాయి,","But water-rich foods add that moisture,",,,,,
118,08:15-08:19,"जो चीज़ों को मूव करने में, डाइजेस्ट करने में हेल्प करता है।","అది ఫుడ్ కదలడానికీ, డైజెస్ట్ అవ్వడానికీ హెల్ప్ చేస్తుంది.",That helps the food to move and to get digested.,,,,,
119,08:19-08:23,अब प्रैक्टिकली अपनी डाइट को ज़्यादा वॉटर-रिच बनाएँ कैसे?,మరి ప్రాక్టికల్‌గా మన డైట్‌ని ఇంకా వాటర్-రిచ్‌గా ఎలా మార్చాలి?,"Now practically, how to make our diet more water-rich?",,,,,
120,08:23-08:26,पहला तरीक़ा है — फ्रूट-बेस्ड ब्रेकफ़ास्ट।,మొదటి పద్ధతి — ఫ్రూట్ బేస్డ్ బ్రేక్‌ఫాస్ట్.,The first method — fruit-based breakfast.,,,,,
121,08:27-08:31,कॉन्स्टिपेशन के लिए स्पेसिफ़िकली पपाया सबसे फ़ायदेमंद फ्रूट है।,మలబద్ధకానికి స్పెసిఫిక్‌గా బొప్పాయి అన్నిటికంటే బెస్ట్ ఫ్రూట్.,"Specifically for constipation, papaya is the best fruit of all.",health-claim,,,,
122,08:31-08:34,"लेकिन हाँ, वो अच्छे से राइप होना चाहिए।","కానీ అది బాగా పండి ఉండాలి, సరేనా?","But it should be well ripened, okay?",,,,,
123,08:34-08:38,"ये आपकी बॉडी में प्रोटीन्स को ब्रेकडाउन करने में मदद करता है,","ఇది మీ బాడీలో ప్రొటీన్స్ బ్రేక్‌డౌన్ అవ్వడానికి హెల్ప్ చేస్తుంది,","This helps proteins break down in your body,",health-claim,,,,
124,08:38-08:40,और हार्ड स्टूल को सॉफ़्ट बनाता है।,హార్డ్ మోషన్‌ని సాఫ్ట్ చేస్తుంది.,It makes hard motion soft.,health-claim,,,,
125,08:40-08:45,"इसके अलावा सेकंड फ्रूट जो कॉन्स्टिपेशन के लिए फ़ायदेमंद है, वो है बनाना।","ఇంకా, మలబద్ధకానికి మంచి చేసే సెకండ్ ఫ్రూట్ — అరటిపండు.","Also, the second fruit that does good for constipation — banana.",health-claim,,,,
126,08:45-08:48,"लेकिन सिर्फ़ तब, जब आप सुबह एक्सरसाइज़ करते हैं।",కానీ మీరు పొద్దున్నే ఎక్సర్‌సైజ్ చేస్తేనే.,But only if you exercise in the morning.,health-claim,,,,
127,08:48-08:50,वरना ये थोड़ा भारी भी हो सकता है।,లేదంటే హెవీగా అనిపించొచ్చు.,Otherwise it can feel heavy.,,,,,
128,08:50-08:53,तो ब्रेकफ़ास्ट में आपको एक बड़ा फ्रूट प्लैटर लेना है।,కాబట్టి బ్రేక్‌ఫాస్ట్‌లో మీరు ఒక పెద్ద ఫ్రూట్ ప్లేటర్ తీసుకోవాలి.,So in breakfast you should take one big fruit platter.,health-claim,,,,
129,08:53-08:55,"और इसको और फ़िलिंग बनाने के लिए,","దీన్ని ఇంకా ఫిల్లింగ్‌గా చేయడానికి,","To make this even more filling,",,,,,
130,08:55-08:59,इसके साथ मुट्ठी भर सोक्ड नट्स और सीड्स भी ले सकते हैं।,"దీంతో పాటు గుప్పెడు నానబెట్టిన నట్స్, సీడ్స్ కూడా తీసుకోవచ్చు.",Along with this you can also take a fistful of soaked nuts and seeds.,health-claim,,,,
131,08:59-09:04,"एसेंशियली इडली, डोसा, चीला, ब्रेड, टोस्ट, कॉर्नफ्लेक्स — इनकी बजाय,","అంటే ఇడ్లీ, దోశ, చిల్లా, బ్రెడ్, టోస్ట్, కార్న్‌ఫ్లేక్స్ — వీటికి బదులు,","That is, instead of idli, dosa, chilla, bread, toast, cornflakes —",,,,,
132,09:04-09:06,फ्रूट-बेस्ड ब्रेकफ़ास्ट लेके देखिए।,ఫ్రూట్ బేస్డ్ బ్రేక్‌ఫాస్ట్ తీసుకుని చూడండి.,Try taking a fruit-based breakfast and see.,health-claim,,,,
133,09:06-09:09,आप दिन में ज़्यादा एनर्जेटिक भी फ़ील करेंगे।,పగలంతా మీరు ఇంకా ఎనర్జిటిక్‌గా కూడా ఫీల్ అవుతారు.,You will also feel more energetic through the day.,health-claim,,,,
134,09:09-09:14,दूसरा तरीक़ा — लंच और डिनर में सब्ज़ियों का रेशियो डबल कर दीजिए।,"రెండో పద్ధతి — లంచ్, డిన్నర్‌లో కూరగాయల రేషియోని డబుల్ చేసేయండి.",Second method — double the ratio of vegetables in lunch and dinner.,health-claim,,,,
135,09:14-09:20,"अगर आपकी प्लेट में एक पोर्शन अनाज है, एक पोर्शन दाल, तो दो पोर्शन सब्ज़ी रखें।","మీ ప్లేట్‌లో ఒక పోర్షన్ అన్నం, ఒక పోర్షన్ పప్పు ఉంటే — రెండు పోర్షన్లు కూరగాయలు పెట్టుకోండి.",If in your plate there is one portion rice and one portion dal — keep two portions of vegetables.,health-claim,,,,
136,09:20-09:26,बेसिकली आपकी लंच और डिनर की प्लेट कुछ ऐसी दिखनी चाहिए।,"బేసిక్‌గా మీ లంచ్, డిన్నర్ ప్లేట్ దాదాపు ఇలా కనిపించాలి.",Basically your lunch and dinner plate should look roughly like this.,,,,,
137,09:27-09:34,"तीसरा — बीच-बीच में ड्राय या पैकेज्ड स्नैक्स की जगह, हाइड्रेटिंग स्नैक्स लीजिए।","మూడోది — మధ్యలో డ్రై, ప్యాకేజ్డ్ స్నాక్స్‌కి బదులు హైడ్రేటింగ్ స్నాక్స్ తీసుకోండి.","Third — in between, instead of dry, packaged snacks, take hydrating snacks.",health-claim,,,,
138,09:34-09:37,"जैसे फल, खीरे की प्लेट या स्मूदी।","అంటే పండ్లు, దోసకాయ ముక్కల ప్లేట్, లేదా స్మూతీ.","That is, fruits, a plate of cucumber pieces, or a smoothie.",,,,,
139,09:37-09:41,"एन्श्योर कीजिए कि आपकी स्मूदी ज़्यादा मीठी न हो, वरना आपका ब्लड शुगर स्पाइक हो सकता है।",మీ స్మూతీ మరీ తియ్యగా లేకుండా చూసుకోండి — లేదంటే మీ బ్లడ్ షుగర్ ఒక్కసారిగా స్పైక్ అవ్వొచ్చు.,Make sure your smoothie is not too sweet — otherwise your blood sugar can spike all at once.,health-claim,,,,
140,09:42-09:45,"एक और फ्रूट जो आपके गट को नैचुरली क्लीन करता है,",మీ గట్‌ని నేచురల్‌గా క్లీన్ చేసే ఇంకో ఫ్రూట్ ఉంది —,There is one more fruit that naturally cleans your gut —,,,,,
141,09:45-09:49,और कॉन्स्टिपेशन के लिए बहुत इफ़ेक्टिव है — वो है प्रून्स।,మలబద్ధకానికి చాలా ఎఫెక్టివ్‌గా పని చేస్తుంది — అవే ప్రూన్స్.,It works very effectively for constipation — those are prunes.,health-claim,,,,
142,09:49-09:53,"यानी ड्राइड प्लम्स, जिन्हें सूखा आलूबुख़ारा भी कहते हैं।",అంటే డ్రైడ్ ప్లమ్స్ — వీటినే ఎండు ఆల్‌బుఖారా అని కూడా అంటారు.,"That is, dried plums — these are also called dried aloo bukhara.",term-choice,,,,
143,09:53-09:57,आपके प्रून्स बिना शुगर कोटिंग वाले होने चाहिए।,మీ ప్రూన్స్ షుగర్ కోటింగ్ లేనివి అయి ఉండాలి.,Your prunes should be ones without sugar coating.,health-claim,,,,
144,09:57-10:00,ये आपको आराम से ऑनलाइन मिल जाएँगे।,ఇవి మీకు ఈజీగా ఆన్‌లైన్‌లో దొరికేస్తాయి.,You will easily get these online.,,,,,
145,10:00-10:03,"अगर ये प्रून्स थोड़े भी हार्ड हों, तो उन्हें कुछ घंटे सोक करके खाएँ।","ఒకవేళ ప్రూన్స్ కొంచెం హార్డ్‌గా ఉంటే, కొన్ని గంటలు నానబెట్టి తినండి.","In case the prunes are a little hard, soak them for a few hours and eat.",health-claim,,,,
146,10:03-10:05,वरना नॉर्मली ऐसे भी खा सकते हैं।,లేదంటే మామూలుగా అలాగే తినేయొచ్చు.,Otherwise you can just eat them normally as they are.,,,,,
147,10:06-10:09,"तो ये हैं तीन अलग-अलग तरीक़े,",ఇవే మూడు రకాల పద్ధతులు —,So these are the three different methods —,,,,,
148,10:09-10:12,अपनी डाइट को और वॉटर-रिच बनाने के लिए।,మీ డైట్‌ని ఇంకా వాటర్-రిచ్‌గా మార్చడానికి.,To make your diet more water-rich.,,,,,
149,10:12-10:14,आप फ़ंडामेंटल प्रिंसिपल समझ गए ना?,బేసిక్ ప్రిన్సిపల్ అర్థమైంది కదా?,"You understood the basic principle, right?",,,,,
150,10:14-10:17,आपको ज़्यादा ऐसा खाना खाना है जो रस से भरा हो।,రసం ఎక్కువుండే ఫుడ్ ఎక్కువ తినాలి.,You should eat more food that has more juice.,health-claim,,,,
151,10:17-10:19,सिंपल है।,సింపుల్!,Simple!,,,,,
152,10:20-10:23,"अच्छा, एक बार जल्दी से उन तीन फ़ूड्स के बारे में भी समझ लेते हैं,",ఇప్పుడు ఆ మూడు ఫుడ్స్ గురించి తెలుసుకుందాం —,Now let us learn about those three foods —,,,,,
153,10:23-10:26,जो आपके गट को सबसे ज़्यादा डैमेज करते हैं।,మీ గట్‌ని అన్నిటికంటే ఎక్కువ డ్యామేజ్ చేసేవి.,The ones that damage your gut the most.,health-claim,,,,
154,10:26-10:29,"पहला — रिफ़ाइंड फ़्लोर, जैसे कि मैदा।","మొదటిది — రిఫైన్డ్ ఫ్లోర్, అంటే మైదా.","First — refined flour, that is, maida.",,,,,
155,10:29-10:33,इसमें आ जाती हैं वो सारी चीज़ें जो मैदे से बनती हैं —,మైదాతో చేసే వస్తువులన్నీ ఇందులోకే వస్తాయి —,All the things made with maida come under this —,,,,,
156,10:33-10:37,"भटूरा, नान, पिज़्ज़ा, पाव, नूडल्स, बिस्किट — बाक़ी तो आपको पता ही है।","బటూరా, నాన్, పిజ్జా, పావ్, నూడుల్స్, బిస్కెట్లు — మిగతావి మీకు తెలుసుగా.","Bhatura, naan, pizza, pav, noodles, biscuits — the rest you know anyway.",,,,,
157,10:37-10:41,दूसरा — दूध और दूध से बनी चीज़ें।,"రెండోది — పాలు, పాలతో చేసిన వస్తువులు.",Second — milk and things made from milk.,health-claim,,,,
158,10:41-10:45,"अब मुझे पता है, इस फ़ैक्ट को डाइजेस्ट करना थोड़ा मुश्किल है।",ఈ ఫ్యాక్ట్‌ని డైజెస్ట్ చేసుకోవడం కొంచెం కష్టమే అని నాకు తెలుసు.,"I know, digesting this fact is a bit difficult.",,,,,
159,10:46-10:49,दूसरा — दूध और दूध से बनी चीज़ें। (ASR में दोहराया गया),"రెండోది — పాలు, పాలతో చేసిన వస్తువులు.",Second — milk and things made from milk. (repeated in ASR),unclear-source,,,,
160,10:49-10:53,"अब मुझे पता है, इस फ़ैक्ट को डाइजेस्ट करना थोड़ा मुश्किल है। (ASR में दोहराया गया)",ఈ ఫ్యాక్ట్‌ని డైజెస్ట్ చేసుకోవడం కొంచెం కష్టమే అని నాకు తెలుసు.,"I know, digesting this fact is a bit difficult. (repeated in ASR)",unclear-source,,,,
161,10:53-10:59,लेकिन सच ये है कि आजकल की सेडेंटरी लाइफ़स्टाइल में ये डेयरी प्रोडक्ट्स हमारा शरीर डाइजेस्ट नहीं कर पाता।,కానీ నిజం ఏంటంటే — ఈ రోజుల్లోని సెడెంటరీ లైఫ్‌స్టైల్‌లో ఈ డెయిరీ ప్రొడక్ట్స్‌ని మన బాడీ డైజెస్ట్ చేయలేకపోతోంది.,"But the truth is — in today's sedentary lifestyle, our body is unable to digest these dairy products.",health-claim,,,,
162,11:00-11:02,ये अंदर म्यूकस पैदा करते हैं।,ఇవి లోపల మ్యూకస్ తయారు చేస్తాయి.,These create mucus inside.,health-claim,,,,
163,11:02-11:04,और तीसरा — मीट।,ఇక మూడోది — మాంసం.,And third — meat.,health-claim,,,,
164,11:04-11:07,इसको पूरा डाइजेस्ट होने में तीन दिन तक लग सकते हैं।,ఇది పూర్తిగా డైజెస్ట్ అవ్వడానికి మూడు రోజుల దాకా పట్టొచ్చు.,It can take up to three days to get fully digested.,health-claim,,,,
165,11:07-11:10,ये बहुत हैवी होता है और गट को काफ़ी स्लगिश बनाता है।,"ఇది చాలా హెవీ, గట్‌ని బాగా స్లో చేసేస్తుంది.","It is very heavy, and it makes the gut quite slow.",health-claim,,,,
166,11:10-11:14,"मैं जानती हूँ, आपके लिए इनको अवॉइड करना थोड़ा मुश्किल हो सकता है।",వీటిని అవాయిడ్ చేయడం మీకు కొంచెం కష్టమే అని నాకు తెలుసు.,"I know, avoiding these is a bit difficult for you.",,,,,
167,11:14-11:17,"हम फ़ैमिलीज़ के साथ रहते हैं, बाहर जाना होता है।","మనం ఫ్యామిలీస్‌తో ఉంటాం, బయటికి వెళ్లాల్సి వస్తుంది.","We live with families, we have to go out.",,,,,
168,11:17-11:21,"लेकिन जितना हो सके, आप इनका कंज़म्प्शन कम कीजिए।",కానీ వీలైనంత వరకూ వీటి కన్సంప్షన్ తగ్గించండి.,"But as far as possible, reduce their consumption.",health-claim,,,,
169,11:21-11:24,"ट्रस्ट मी, आपको इंस्टेंट रिज़ल्ट्स दिखेंगे।",ట్రస్ట్ మీ — మీకు ఇన్‌స్టంట్ రిజల్ట్స్ కనిపిస్తాయి.,Trust me — you will see instant results.,health-claim,,,,
170,11:24-11:28,"आप सोच रहे होंगे, मैं ये सब इतने कॉन्फ़िडेंस से कैसे बोल सकती हूँ?",ఇదంతా నేను ఇంత కాన్ఫిడెన్స్‌తో ఎలా చెప్తున్నానా అని అనుకుంటున్నారా?,Are you wondering how I am saying all this with so much confidence?,,,,,
171,11:28-11:32,"पिछले आठ सालों में मैंने हज़ारों लोगों को देखा है,","గత ఎనిమిదేళ్లలో నేను వేల మందిని చూశాను,","In the last eight years I have seen thousands of people,",,,,,
172,11:32-11:37,जिन्होंने इन्हीं स्टेप्स को फ़ॉलो करके अपने गट इश्यूज़ और कॉन्स्टिपेशन को रिवर्स किया है।,"వాళ్లు ఇవే స్టెప్స్ ఫాలో అయ్యి, తమ గట్ ఇష్యూస్‌ని, మలబద్ధకాన్ని రివర్స్ చేసుకున్నారు.",They followed these very steps and reversed their gut issues and constipation.,health-claim,,,,
173,11:37-11:40,"चलिए उनमें से कुछ लोगों से मिलते हैं, और फिर आगे बढ़ेंगे।","పదండి, వాళ్లలో కొందర్ని కలుద్దాం — తర్వాత ముందుకెళ్దాం.","Come, let us meet some of them — then we will move ahead.",,,,,
174,12:11-12:18,"(टेस्टिमोनियल, ऑडियो अस्पष्ट) ...मेरी प्रॉब्लम बढ़ती ही जा रही थी...",నా ప్రాబ్లమ్ రోజురోజుకీ పెరిగిపోతూ వచ్చింది.,My problem kept increasing day by day.,unclear-source,,,,
175,12:18-12:22,"'ऐश गार्ड जूस पियो, फ्रूट खाओ' — तो मैंने ये सब ट्राय किया।","యాష్ గోర్డ్ జ్యూస్ తాగండి, ఫ్రూట్స్ తినండి అన్నారు — నేను ఇవన్నీ ట్రై చేశాను.","They said drink ash gourd juice, eat fruits — I tried all of this.",unclear-source,,,,
176,12:22-12:26,पंद्रह दिन के अंदर-अंदर मेरी सारी प्रॉब्लम्स दूर हो गई थीं।,పదిహేను రోజుల్లోపే నా ప్రాబ్లమ్స్ అన్నీ పోయాయి.,Within fifteen days all my problems went away.,health-claim,,,,
177,12:26-12:27,मुझे जल्दी टायर्ड फ़ील हो रहा था। (ऑडियो अस्पष्ट),నాకు త్వరగా అలసట వచ్చేసేది.,I used to get tired quickly.,unclear-source,,,,
178,12:27-12:29,ऐश गार्ड जूस ने मुझे रियली हेल्प किया। (ऑडियो अस्पष्ट),యాష్ గోర్డ్ జ్యూస్ హెల్ప్ చేసింది.,Ash gourd juice helped.,unclear-source,,,,
179,12:29-12:31,"जितना आप अपने शरीर के लिए केयर करोगे,","మీరు మీ బాడీని ఎంత కేర్ చేస్తే,","The more you care for your body,",,,,,
180,12:31-12:33,वो भी आपको उतना ही केयर करेगा।,అదీ మిమ్మల్ని కేర్ చేస్తుంది.,It too cares for you.,length-risk,,,,
181,12:33-12:34,लाइफ़ बहुत ईज़ी हो गई है।,లైఫ్ చాలా ఈజీ అయిపోయింది.,Life has become very easy.,length-risk,,,,
182,12:34-12:37,आपको ख़ुद फ़ील होगा कि आप अंदर से फ्रेश फ़ील कर रहे हैं।,లోపల నుంచి ఫ్రెష్‌గా ఫీల్ అవుతారు.,You will feel fresh from inside.,,,,,
183,12:37-12:40,"मुझे जल्दी टायर्ड फ़ील हो रहा था। (ASR में दोहराया गया, ऑडियो अस्पष्ट)",నాకు త్వరగా అలసట వచ్చేసేది.,I used to get tired quickly. (repeated in ASR),unclear-source,,,,
184,12:40-12:41,"मुझे जल्दी टायर्ड फ़ील हो रहा था। (ASR में दोहराया गया, ऑडियो अस्पष्ट)",త్వరగా అలసట వచ్చేసేది.,Used to get tired quickly. (repeated in ASR),unclear-source,,,,
185,12:42-12:46,"आइए, बढ़ते हैं अपने फ़ोर्थ स्टेप पे — और वो है मूवमेंट।","రండి, మన ఫోర్త్ స్టెప్‌కి వెళ్దాం — అదే మూవ్‌మెంట్.","Come, let us go to our fourth step — that is movement.",,,,,
186,12:47-12:49,एक्सरसाइज़ आपकी हेल्थ के लिए अच्छी है — ये तो आपको पता है।,ఎక్సర్‌సైజ్ మీ హెల్త్‌కి మంచిది — అది మీకు తెలుసు.,Exercise is good for your health — that you know.,unclear-source,,,,
187,12:49-12:53,"लेकिन फिर भी मैं आपके लिए दो स्टडीज़ नीचे लिंक कर रही हूँ,","అయినా సరే, మీ కోసం రెండు స్టడీస్‌ని కింద లింక్ చేస్తున్నాను.","Even so, I am linking two studies below for you.",,,,,
188,12:53-12:59,जो क्लियरली बताती हैं कि लैक ऑफ़ मूवमेंट और कॉन्स्टिपेशन का कितना बड़ा लिंक है।,"మూవ్‌మెంట్ లేకపోవడానికీ, మలబద్ధకానికీ ఎంత పెద్ద లింక్ ఉందో అవి క్లియర్‌గా చూపిస్తాయి.",They clearly show how big a link there is between lack of movement and constipation.,,,,,
189,12:59-13:04,इस वीडियो में कोट की गई हर स्टडी का लिंक आपको नीचे डिस्क्रिप्शन में मिल जाएगा।,ఈ వీడియోలో చెప్పిన ప్రతి స్టడీ లింక్ మీకు కింద డిస్క్రిప్షన్‌లో దొరుకుతుంది.,The link of every study mentioned in this video will be there for you in the description below.,,,,,
190,13:04-13:07,"वैसे तो सभी एक्सरसाइज़ फ़ायदेमंद हैं,",నిజానికి అన్ని ఎక్సర్‌సైజ్‌లూ మంచివే.,Actually all exercises are good.,,,,,
191,13:07-13:12,लेकिन आपके गट के लिए कुछ स्पेसिफ़िक मूवमेंट्स हैं जो एक्स्ट्रा बेनिफ़िशियल हैं।,కానీ మీ గట్ కోసం కొన్ని స్పెసిఫిక్ మూవ్‌మెంట్స్ ఎక్స్‌ట్రా బెనిఫిషియల్.,"But for your gut, some specific movements are extra beneficial.",health-claim,,,,
192,13:12-13:19,"जैसे ट्विस्टिंग आसनास — पश्चिमोत्तानासन, मरीच्यासन, अर्ध मत्स्येन्द्रासन, मलासन।","అంటే ట్విస్టింగ్ ఆసనాలు — పశ్చిమోత్తానాసనం, మరీచ్యాసనం, అర్ధ మత్స్యేంద్రాసనం, మాలాసనం.","That is, twisting asanas — Paschimottanasana, Marichyasana, Ardha Matsyendrasana, Malasana.",term-choice,,,,
193,13:19-13:25,"अगर आप सोच रहे हैं कि ये सब करेंगे कैसे, तो हमारे पास आपके लिए एक स्पेशल गिफ़्ट है।",ఇవన్నీ ఎలా చేయాలా అని ఆలోచిస్తున్నారా? మీ కోసం మా దగ్గర ఒక స్పెషల్ గిఫ్ట్ ఉంది.,Wondering how to do all these? We have a special gift for you.,,,,,
194,13:26-13:32,"हमने अपने योगा चैनल पर एक तीस मिनट की वीडियो अपलोड की है, जिसमें ये सारे आसनास इंक्लूड किए हैं।",మా యోగా ఛానల్‌లో ముప్పై నిమిషాల వీడియో అప్‌లోడ్ చేశాం — అందులో ఈ ఆసనాలన్నీ ఇంక్లూడ్ చేశాం.,We have uploaded a thirty-minute video on our yoga channel — in it we have included all these asanas.,,,,,
195,13:32-13:38,"चाहे आप बिगिनर हों या ऑलरेडी योगा प्रैक्टिस करते हों, आप इसे देखकर साथ में प्रैक्टिस कर सकते हैं।","మీరు బిగినర్ అయినా, ఆల్రెడీ యోగా చేస్తున్నా — దాన్ని చూస్తూ మాతో పాటు ప్రాక్టీస్ చేయొచ్చు.",Whether you are a beginner or already doing yoga — you can watch it and practise along with us.,,,,,
196,13:38-13:40,इस वीडियो का लिंक आपको नीचे डिस्क्रिप्शन में मिल जाएगा।,లింక్ డిస్క్రిప్షన్‌లో ఉంటుంది.,The link will be in the description.,length-risk,,,,
197,13:40-13:45,"और अगर आपको लगता है कि 'अरे, योगा तो मुझसे होता ही नहीं' — कोई बात नहीं।","ఒకవేళ 'అయ్యో, యోగా నా వల్ల కాదు' అనిపిస్తే — పర్వాలేదు!","In case you feel 'oh no, yoga is not possible for me' — no problem!",,,,,
198,13:45-13:52,"आप ब्रिस्क वॉकिंग करें, कोई स्पोर्ट खेलें, डांस करें, साइक्लिंग करें — वो मूवमेंट करें जो आपके दिल को ख़ुश करे।","బ్రిస్క్ వాకింగ్ చేయండి, ఏదైనా స్పోర్ట్ ఆడండి, డ్యాన్స్ చేయండి, సైక్లింగ్ చేయండి — మీ మనసుకి నచ్చిన మూవ్‌మెంట్ ఏదైనా సరే.","Do brisk walking, play some sport, dance, do cycling — any movement your heart likes.",health-claim,,,,
199,13:52-13:56,"'पर मुझे सुबह काम पे जाना होता है, इतना सब करने का टाइम कहाँ?'","'కానీ నేను పొద్దున్నే పనికి వెళ్లాలి, ఇవన్నీ చేసే టైమ్ ఎక్కడిది?'","'But I have to go to work in the morning, where is the time to do all this?'",,,,,
200,13:57-14:03,"हम्म... अगर डॉक्टर कहे कि आपके हार्ट में ब्लॉकेज है, तो सब सीरियस हो जाते हैं।","హ్మ్... డాక్టర్ మీ హార్ట్‌లో బ్లాకేజ్ ఉంది అంటే, అందరూ సీరియస్ అయిపోతారు.","Hmm... if the doctor says there is a blockage in your heart, everyone becomes serious.",,,,,
201,14:03-14:06,"अगर दिमाग़ में ब्लॉकेज हो, पूरा परिवार पैनिक हो जाता है।",బ్రెయిన్ బ్లాకేజ్ అంటే ఫ్యామిలీ పానిక్.,Brain blockage means the family panics.,,,,,
202,14:06-14:10,"विंड पाइप में ब्लॉकेज हो जाए, तो सब कुछ छोड़-छाड़ के हॉस्पिटल भागते हैं।","విండ్ పైప్‌లో బ్లాకేజ్ వస్తే, అన్నీ వదిలేసి హాస్పిటల్‌కి పరిగెడతారు.","If a blockage comes in the wind pipe, they drop everything and run to the hospital.",,,,,
203,14:10-14:14,तो फिर गट में ब्लॉकेज को इतना कैज़ुअली क्यों लेते हैं?,మరి గట్‌లో బ్లాకేజ్‌ని మాత్రం ఇంత క్యాజువల్‌గా ఎందుకు తీసుకుంటాం?,Then why do we take a blockage in the gut so casually?,,,,,
204,14:14-14:18,जबकि दैट इज़ द मदर ऑफ़ ऑल डिज़ीज़ेज़ — ईवन मेंटल हेल्थ प्रॉब्लम्स।,నిజానికి అదే అన్ని రోగాలకూ తల్లి — చివరికి మెంటల్ హెల్త్ ప్రాబ్లమ్స్‌కి కూడా.,Actually that itself is the mother of all diseases — even of mental health problems.,health-claim,,,,
205,14:18-14:22,तो इसलिए आप ये मत सोचिए कि 'मेरे पास तो ये सब करने का टाइम नहीं है'।,అందుకే 'నాకు ఇవన్నీ చేసే టైమ్ లేదు' అని అనుకోకండి.,"That is why, do not think 'I do not have time to do all this'.",,,,,
206,14:22-14:28,"आप लाइफ़ में जिस चीज़ को प्रायोरिटाइज़ करेंगे, उसके लिए टाइम निकल ही आएगा — सच में।","లైఫ్‌లో మీరు దేనికి ప్రయారిటీ ఇస్తారో, దానికి టైమ్ దొరికి తీరుతుంది — నిజంగా.","Whatever you give priority to in life, time for it will definitely be found — truly.",,,,,
207,14:29-14:35,बढ़ते हैं अपने कॉन्स्टिपेशन हीलिंग प्लान के लास्ट स्टेप पे। अभी तक आपने ये चार चीज़ें सीखी हैं।,ఇక మన మలబద్ధకం హీలింగ్ ప్లాన్ లాస్ట్ స్టెప్‌కి వెళ్దాం. ఇప్పటిదాకా మీరు ఈ నాలుగు విషయాలు నేర్చుకున్నారు.,Now let us go to the last step of our constipation healing plan. Till now you have learnt these four things.,,,,,
208,14:35-14:42,"अब मैं सच बताऊँ तो ये चार चीज़ें काफ़ी हैं। अगर आप इम्प्लीमेंट करते हैं, आप एक हफ़्ते के अंदर-अंदर ही चेंजेस देखेंगे।","నిజం చెప్పాలంటే ఈ నాలుగూ చాలు. వీటిని ఇంప్లిమెంట్ చేస్తే, వారం లోపే మీకు ఛేంజెస్ కనిపిస్తాయి.","To tell the truth, these four are enough. If you implement them, you will see changes within a week.",health-claim,,,,
209,14:42-14:47,"लेकिन ये लास्ट स्टेप उनके लिए है, जो और ज़्यादा फ़ास्ट रिज़ल्ट्स चाहते हैं।",కానీ ఈ లాస్ట్ స్టెప్ — ఇంకా ఫాస్ట్ రిజల్ట్స్ కావాలనుకునే వాళ్ల కోసం.,But this last step is for those who want even faster results.,,,,,
210,14:47-14:51,"और वो है — ऐब्डॉमिनल वेट पैक, फ़ॉलोड बाय एनिमा।","అదే — పొట్ట మీద వెట్ ప్యాక్, ఆ తర్వాత ఎనిమా.","That is — a wet pack on the belly, and after that an enema.",health-claim,,,,
211,14:51-14:55,"वेट पैक एक बहुत ही सिंपल टूल है, जो नेचर क्योर का पार्ट है।",వెట్ ప్యాక్ చాలా సింపుల్ టూల్ — ఇది నేచర్ క్యూర్‌లో భాగం.,The wet pack is a very simple tool — it is part of nature cure.,,,,,
212,14:55-15:01,एक ठंडे वाइट कॉटन के कपड़े को आपको तीस-चालीस मिनट के लिए अपने ऐब्डोमन पे लपेट के रखना है।,చల్లటి తెల్ల కాటన్ గుడ్డని ముప్పై నలభై నిమిషాలు మీ పొట్ట చుట్టూ చుట్టి ఉంచాలి.,You have to wrap a cold white cotton cloth around your belly and keep it for thirty to forty minutes.,health-claim,,,,
213,15:01-15:04,लगा कर आप कोई भी और काम कर सकते हैं।,అది పెట్టుకుని మీరు ఇంకే పనైనా చేసుకోవచ్చు.,"With it on, you can do any other work.",,,,,
214,15:04-15:08,"जब ये वेट पैक लगाते हैं, बॉडी में दो टेम्परेचर मेंटेन होते हैं —","వెట్ ప్యాక్ పెట్టినప్పుడు, బాడీలో రెండు టెంపరేచర్లు మెయింటెన్ అవుతాయి —","When the wet pack is put on, two temperatures get maintained in the body —",,,,,
215,15:08-15:11,"जहाँ वेट पैक लगा है वो पार्ट ठंडा, बाक़ी शरीर गर्म।","వెట్ ప్యాక్ ఉన్న భాగం చల్లగా, మిగతా బాడీ వేడిగా.","The part where the wet pack is stays cool, the rest of the body warm.",,,,,
216,15:11-15:13,इससे ब्लड सर्कुलेशन बढ़ता है।,దీంతో బ్లడ్ సర్క్యులేషన్ పెరుగుతుంది.,"With this, blood circulation increases.",health-claim,,,,
217,15:13-15:19,"और जब ब्लड सर्कुलेट होता है, तो टॉक्सिन्स, वेस्ट — जो इंटेस्टाइन के अंदर जमा हुआ है —","బ్లడ్ బాగా సర్క్యులేట్ అయినప్పుడు — పేగుల్లో పేరుకుపోయిన టాక్సిన్స్, వేస్ట్,","When the blood circulates well — the toxins and waste piled up in the intestines,",,,,,
218,15:19-15:22,"वो भी धीरे-धीरे अपनी जगह छोड़ने लगता है,","అవి కూడా మెల్లమెల్లగా తమ చోటు వదలడం స్టార్ట్ చేస్తాయి,","They too slowly start leaving their place,",,,,,
219,15:22-15:24,और बॉडी से निकलने के लिए तैयार होता है।,బాడీ నుంచి బయటికి వెళ్లడానికి రెడీ అవుతాయి.,And get ready to go out of the body.,,,,,
220,15:25-15:29,"वेट पैक लगाने के बाद, अगर आप एनिमा लें तो आपको डबल फ़ायदा मिलेगा।","వెట్ ప్యాక్ తర్వాత ఎనిమా తీసుకుంటే, మీకు డబుల్ బెనిఫిట్.","If you take an enema after the wet pack, you get double benefit.",health-claim,,,,
221,15:29-15:34,"एनिमा के थ्रू आप अपने रेक्टम में थोड़ा पानी डालते हैं, उसको होल्ड करते हैं।","ఎనిమా ద్వారా మీ రెక్టమ్‌లోకి కొద్దిగా నీళ్లు పంపి, కాసేపు హోల్డ్ చేస్తారు.","Through the enema, you send a little water into your rectum and hold it for a while.",health-claim,,,,
222,15:34-15:39,"और ये पानी अंदर जाके वेस्ट को लूज़ करता है, और बाहर निकालने में मदद करता है।","ఆ నీళ్లు లోపలికి వెళ్లి వేస్ట్‌ని లూజ్ చేసి, బయటికి పంపడంలో హెల్ప్ చేస్తాయి.","That water goes inside, loosens the waste, and helps send it out.",health-claim,,,,
223,15:39-15:46,"और हाँ, वैसे तो एनिमा आपको केमिस्ट शॉप में मिल जाएगा, लेकिन आपके लिए इसको और कन्वीनियंट बनाने के लिए,","అవును, ఎనిమా మీకు మెడికల్ షాపులో దొరుకుతుంది — కానీ మీకు ఇంకా కన్వీనియంట్‌గా ఉండేందుకు,","Yes, you will get the enema at a medical shop — but to make it even more convenient for you,",,,,,
224,15:46-15:49,हमने इसको अपनी वेबसाइट पर भी अवेलेबल किया है।,మేము దీన్ని మా వెబ్‌సైట్‌లో కూడా అవైలబుల్ చేశాం.,We have also made it available on our website.,,,,,
225,15:49-15:54,"अगर आप एनिमा या वेट पैक ऑर्डर करना चाहते हैं, तो यहाँ क्लिक कर सकते हैं।","మీరు ఎనిమా లేదా వెట్ ప్యాక్ ఆర్డర్ చేయాలంటే, ఇక్కడ క్లిక్ చేయొచ్చు.","If you want to order the enema or wet pack, you can click here.",,,,,
226,15:54-15:58,"और अगर आप एनिमा की पूरी विधि समझना चाहते हैं, तो यहाँ क्लिक करें।","ఎనిమా పూర్తి ప్రాసెస్ తెలుసుకోవాలంటే, ఇక్కడ క్లిక్ చేయండి.","If you want to know the full process of the enema, click here.",,,,,
227,15:58-16:01,"और अगर आप वेट पैक के बारे में और सीखना चाहते हैं, तो यहाँ।",వెట్ ప్యాక్ గురించి ఇంకా తెలుసుకోవాలంటే — ఇక్కడ.,If you want to learn more about the wet pack — here.,,,,,
228,16:01-16:07,मैं आशा करती हूँ कि आप ये स्टेप्स फ़ॉलो करके अपनी कॉन्स्टिपेशन को पूरी तरह हील करेंगे।,"ఈ స్టెప్స్ ఫాలో అయ్యి, మీరు మీ మలబద్ధకాన్ని పూర్తిగా హీల్ చేసుకుంటారని ఆశిస్తున్నాను.",I hope that by following these steps you will heal your constipation completely.,health-claim,,,,
229,16:07-16:11,अभी के लिए इतना ही। हम जल्द वापस मिलेंगे।,ప్రస్తుతానికి ఇంతే. మళ్లీ త్వరలో కలుద్దాం.,That is all for now. We will meet again soon.,,,,,
