id,time,hindi (corrected),malayalam (spoken),back-translation (EN),auto-flag,issue type,severity,suggested fix,reviewer status
0,00:00-00:04,क्या हर रोज़ पेट साफ़ करना आपके लिए मुश्किल होता जा रहा है?,ദിവസവും വയറ് ക്ലീൻ ആവാൻ ബുദ്ധിമുട്ട് കൂടി വരുന്നുണ്ടോ?,Is it getting harder for the stomach to get cleaned every day?,,,,,
1,00:04-00:08,"और इस constipation की वजह से आप body में low energy,","ഈ മലബന്ധം കാരണം ബോഡിയിൽ ലോ എനർജി,","Because of this constipation, low energy in the body,",,,,,
2,00:08-00:12,"heaviness, bloating या सिरदर्द जैसे symptoms भी experience करने लगे हैं?","ഹെവിനെസ്സ്, ബ്ലോട്ടിംഗ്, തലവേദന — ഇങ്ങനത്തെ സിംപ്റ്റംസ് ഒക്കെ വരാൻ തുടങ്ങിയോ?","Heaviness, bloating, headache — have symptoms like these also started coming?",,,,,
3,00:13-00:19,"Laxatives, चूरन, त्रिफला, गरम पानी सब try करने के बाद भी कोई permanent solution नहीं मिल रहा?","ലാക്സേറ്റീവ്സ്, ചൂർണം, ത്രിഫല, ചൂടുവെള്ളം — ട്രൈ ചെയ്തിട്ടും പെർമനെന്റ് സൊല്യൂഷൻ കിട്ടുന്നില്ലേ?","Laxatives, churna, Triphala, hot water — even after trying them, not getting a permanent solution?",,,,,
4,00:19-00:22,"अगर हां, तो आप एकदम सही जगह आए हैं।","അങ്ങനെയാണെങ്കിൽ, നിങ്ങൾ വന്നത് കറക്റ്റ് സ്ഥലത്താണ്.","If so, you have come to the correct place.",,,,,
5,00:22-00:26,"इस video में आप जानेंगे पांच शक्तिशाली तरीकों के बारे में,","ഈ വീഡിയോയിൽ നിങ്ങൾ അറിയാൻ പോവുന്നത് അഞ്ച് പവർഫുൾ വഴികളാണ്,","In this video you are going to learn five powerful ways,",,,,,
6,00:26-00:30,"जो आपको constipation को जड़ से ख़त्म करने में मदद करेंगे,",മലബന്ധം വേരോടെ മാറ്റാൻ നിങ്ങളെ ഹെൽപ്പ് ചെയ്യുന്ന വഴികൾ —,Ways that will help you remove constipation from the root —,health-claim,,,,
7,00:30-00:32,सिर्फ़ इक्कीस दिनों में।,വെറും ഇരുപത്തിയൊന്ന് ദിവസം കൊണ്ട്.,In just twenty-one days.,health-claim,,,,
8,00:32-00:35,"आगे आप जानेंगे एक ऐसे herb के बारे में,","പിന്നെ ഒരു സ്പെഷ്യൽ ഹെർബിനെ പറ്റിയും അറിയാം,","Then you will also learn about a special herb,",,,,,
9,00:35-00:38,"जो आपके bowel movements को naturally regulate करता है,","നിങ്ങളുടെ മോഷൻ നാച്ചുറലായി ശരിയാക്കുന്ന ഒന്ന്,","One that naturally sets your motion right,",,,,,
10,00:38-00:40,और आपकी kitchen में अभी मौजूद है।,ഇപ്പോൾ നിങ്ങളുടെ കിച്ചണിലുണ്ട്.,It is in your kitchen right now.,,,,,
11,00:40-00:42,"और उस एक ऐसी चीज़ के बारे में,",പിന്നെ വേറൊരു കാര്യത്തെ പറ്റിയും —,And also about another thing —,,,,,
12,00:42-00:45,"जो constipation में अक्सर doctors recommend करते हैं,","മലബന്ധത്തിന് ഡോക്ടർമാർ സ്ഥിരം പറയുന്ന സാധനം,","A thing doctors regularly recommend for constipation,",,,,,
13,00:45-00:49,लेकिन वो आपकी condition को actually और ज़्यादा बिगाड़ देता है।,പക്ഷേ അത് നിങ്ങളുടെ കണ്ടീഷൻ ശരിക്കും കൂടുതൽ മോശമാക്കുകയാണ് ചെയ്യുന്നത്.,But it actually makes your condition even worse.,health-claim,,,,
14,00:52-00:55,आइए शुरू करते हैं अपने पहले tool से।,എന്നാൽ നമുക്ക് ആദ്യത്തെ ടൂളിലേക്ക് കടക്കാം.,So let us get into the first tool.,,,,,
15,00:56-00:59,"आजकल हम western toilets use करने लगे हैं,",ഇപ്പോൾ എല്ലാം വെസ്റ്റേൺ ടോയ്‌ലറ്റല്ലേ?,"Now it is all western toilets, right?",,,,,
16,00:59-01:03,जिसमें आपकी body और knees का ऐसे 90 degree का angle बनता है।,അതിൽ ബോഡിയും മുട്ടും തമ്മിൽ തൊണ്ണൂറ് ഡിഗ്രി ആംഗിൾ വരും.,"In it, a ninety degree angle comes between the body and knees.",,,,,
17,01:03-01:10,"अब problem ये है कि इस position में आपकी intestine का आख़िरी हिस्सा, आपका rectum, bent रहता है,","പ്രോബ്ലം എന്താണെന്ന് വെച്ചാൽ, ഈ പൊസിഷനിൽ കുടലിന്റെ അവസാനത്തെ ഭാഗം — നിങ്ങളുടെ റെക്ടം — വളഞ്ഞിട്ടാണ് ഇരിക്കുന്നത്.",The problem is that in this position the last part of the intestine — your rectum — sits bent.,,,,,
18,01:10-01:16,जिसकी वजह से waste smoothly pass नहीं हो पाता और आपको बहुत ज़ोर लगाना पड़ता है।,അതുകൊണ്ട് വേസ്റ്റ് സ്മൂത്തായി പാസ് ആവില്ല; നിങ്ങൾക്ക് നല്ലോണം ബലം കൊടുക്കേണ്ടി വരും.,"Because of that, waste does not pass smoothly; you have to push quite hard.",,,,,
19,01:16-01:20,"इसीलिए traditionally हमारे देश में Indian toilets होते थे,",അതുകൊണ്ടാണ് പണ്ടൊക്കെ നമ്മുടെ നാട്ടിൽ ഇന്ത്യൻ ടോയ്‌ലറ്റ് ആയിരുന്നത്.,"That is why, back in the day, our country had Indian toilets.",,,,,
20,01:20-01:23,जिसमें हमें squat करके बैठना पड़ता था।,അതിൽ നമ്മൾ കുന്തിച്ചിരിക്കണമായിരുന്നു.,In it we had to sit squatting.,,,,,
21,01:24-01:28,"इस position में basically वो bent pipe सीधा हो जाता था,",ഈ പൊസിഷനിൽ ബേസിക്കലി ആ വളഞ്ഞ പൈപ്പ് നേരെയാവും.,"In this position, basically, that bent pipe becomes straight.",,,,,
22,01:28-01:32,"और body stool को easily release कर पाती थी, बिना कोई pressure डाले।",അപ്പോൾ പ്രഷറൊന്നും കൊടുക്കാതെ തന്നെ മോഷൻ ഈസിയായി പുറത്തുപോവും.,"Then, without applying any pressure, the motion goes out easily.",,,,,
23,01:32-01:38,"अरे, चिंता मत कीजिए, मैं आपको Indian toilets अपने घर पे install करने के लिए नहीं बोलूंगी।","ഹേയ്, ടെൻഷനാവണ്ട — വീട്ടിൽ ഇന്ത്യൻ ടോയ്‌ലറ്റ് ഇടാനൊന്നും ഞാൻ പറയില്ല, കേട്ടോ.","Hey, do not get tense — I will not tell you to put an Indian toilet at home, okay.",,,,,
24,01:38-01:42,आप अपने western toilet में भी इस squat position का benefit ले सकते हैं।,നിങ്ങളുടെ വെസ്റ്റേൺ ടോയ്‌ലറ്റിലും ഈ സ്ക്വാട്ട് പൊസിഷന്റെ ബെനിഫിറ്റ് കിട്ടും.,You can get the benefit of this squat position on your western toilet too.,,,,,
25,01:42-01:45,कैसे? एक foot stool के ज़रिए।,എങ്ങനെ? ഒരു ഫുട്ട് സ്റ്റൂൾ വെച്ചിട്ട്.,How? By using a foot stool.,,,,,
26,01:45-01:49,अपने WC के आगे एक foot stool रख लीजिए।,നിങ്ങളുടെ ക്ലോസറ്റിന്റെ മുന്നിൽ ഒരു ഫുട്ട് സ്റ്റൂൾ വെച്ചോളൂ.,Place a foot stool in front of your closet (WC).,health-claim,,,,
27,01:49-01:53,"अगर ये न मिल पाए, तो एक बाल्टी को उल्टा करके भी रख सकते हैं।",അത് കിട്ടിയില്ലെങ്കിൽ ഒരു ബക്കറ്റ് കമഴ്ത്തി വെച്ചാലും മതി.,"If you cannot get one, placing a bucket upside down is also enough.",health-claim,,,,
28,01:53-01:58,इससे आपकी body को काफ़ी हद तक उसी squatting position का फ़ायदा मिलता है।,ഇതുകൊണ്ട് ബോഡിക്ക് ഏകദേശം അതേ സ്ക്വാട്ടിംഗ് പൊസിഷന്റെ ഗുണം കിട്ടും.,"With this, the body gets more or less the benefit of that same squatting position.",,,,,
29,01:59-02:02,"अब मुझे पता है, आप में से कुछ लोग क्या सोच रहे होंगे —",ചിലർ എന്താ ചിന്തിക്കുന്നെന്ന് അറിയാം —,I know what some are thinking —,,,,,
30,02:02-02:05,इतनी छोटी सी चीज़ बदलने से क्या ही फ़र्क़ पड़ेगा?,ഇത്ര ചെറിയ കാര്യം മാറ്റിയാൽ എന്ത് വ്യത്യാസം?,What difference will changing such a small thing make?,,,,,
31,02:05-02:10,"Well, फ़र्क़ पड़ेगा। In fact, foot stool पे तो काफ़ी research भी की गई है,","വരും, വ്യത്യാസം വരും. സത്യത്തിൽ ഫുട്ട് സ്റ്റൂളിനെ പറ്റി കുറേ റിസർച്ച് വരെ നടന്നിട്ടുണ്ട്.","It will, there will be a difference. In fact, quite a bit of research has even been done on the foot stool.",,,,,
32,02:10-02:17,"जो बताती है कि जिन लोगों ने इसको use किया, उनको motion pass करने में पहले से सिर्फ़ आधा समय लगा।",ഇത് യൂസ് ചെയ്തവർക്ക് മോഷൻ പാസ് ആക്കാൻ പഴയതിന്റെ പകുതി സമയമേ വേണ്ടി വന്നുള്ളൂ എന്നാണ് അവ പറയുന്നത്.,They say that those who used it needed only half the earlier time to pass motion.,health-claim,,,,
33,02:17-02:24,"उन्हें ज़ोर कम लगाना पड़ा, और उठने के बाद उनको body में ज़्यादा ख़ालीपन और मन में ज़्यादा satisfaction feel हुई।",അവർക്ക് ബലം കുറച്ചേ കൊടുക്കേണ്ടി വന്നുള്ളൂ; എഴുന്നേറ്റപ്പോൾ വയറ് കൂടുതൽ കാലിയായ പോലെയും മനസ്സിന് കൂടുതൽ സാറ്റിസ്ഫാക്ഷനും ഫീൽ ചെയ്തു.,They had to strain less; on getting up they felt the stomach was emptier and felt more satisfaction in the mind.,health-claim,,,,
34,02:25-02:29,तो आप भी आज से ही इस foot stool को use करना शुरू करें।,നിങ്ങളും ഇന്ന് മുതൽ ഫുട്ട് സ്റ്റൂൾ യൂസ് ചെയ്തു തുടങ്ങൂ.,You too start using the foot stool from today.,health-claim,,,,
35,02:29-02:33,अगले step पर बढ़ने से पहले एक चीज़ समझना बहुत ज़रूरी है —,അടുത്ത സ്റ്റെപ്പിന് മുമ്പ് ഒരു കാര്യം അറിയണം —,"Before the next step, you must know one thing —",,,,,
36,02:33-02:36,ये पेट साफ़ न होने की problem होती क्यों है?,വയറ് ക്ലീൻ ആവാത്തത് എന്തുകൊണ്ടാണ്?,Why does the stomach not get cleaned?,,,,,
37,02:36-02:39,"देखिए, जब हम शरीर को exercise नहीं देते हैं,","നോക്കൂ, നമ്മൾ ബോഡിക്ക് എക്സർസൈസ് കൊടുക്കാതിരിക്കുമ്പോൾ,","See, when we do not give the body exercise,",,,,,
38,02:39-02:42,"जब हम ज़्यादातर ऐसा खाना खाते हैं जिसमें पानी कम होता है,","വെള്ളം കുറഞ്ഞ ഭക്ഷണം കൂടുതലായി കഴിക്കുമ്പോൾ,","When we mostly eat food low in water,",,,,,
39,02:42-02:44,"या जब हम बहुत stress लेते हैं,","അല്ലേൽ സ്ട്രെസ്സ് എടുക്കുമ്പോൾ,","Or when we take stress,",,,,,
40,02:44-02:49,या अगर हम repeatedly अपनी body के motion pass करने के signal को ignore करते रहते हैं —,അതുമല്ലെങ്കിൽ മോഷൻ പോവാനുള്ള ബോഡിയുടെ സിഗ്നൽ നമ്മൾ വീണ്ടും വീണ്ടും ഇഗ്നോർ ചെയ്യുമ്പോൾ —,"Or else, when we ignore the body's signal to pass motion again and again —",,,,,
41,02:49-02:54,इनमें से किसी एक reason की वजह से भी शरीर waste को ढंग से eliminate नहीं कर पाता।,"ഇതിൽ ഏതെങ്കിലും ഒരു കാരണം മതി, ബോഡിക്ക് വേസ്റ്റ് ശരിക്ക് പുറത്തു കളയാൻ പറ്റാതാവാൻ.",Any one of these reasons is enough for the body to become unable to throw the waste out properly.,,,,,
42,02:54-02:58,"Naturally, वो हमारी intestine की दीवार पर चिपक जाता है।",അപ്പോൾ സ്വാഭാവികമായും അത് കുടലിന്റെ ഭിത്തിയിൽ പോയി ഒട്ടിപ്പിടിക്കും.,Then naturally it goes and sticks to the wall of the intestine.,,,,,
43,02:58-03:03,"वक़्त के साथ हम अपनी आदतें तो बदलते नहीं, तो ये layer बढ़ती रहती है।",കാലം പോവുന്തോറും നമ്മൾ ശീലങ്ങളൊന്നും മാറ്റില്ലല്ലോ; അങ്ങനെ ഈ ലെയർ കൂടിക്കൂടി വരും.,As time goes by we do not change our habits anyway; so this layer keeps building up.,,,,,
44,03:34-03:39,"आपको पता है, आपका colon आपकी body के हर cell और tissue से connected है।","അറിയാമോ, നിങ്ങളുടെ കോളൻ ബോഡിയിലെ ഓരോ സെല്ലുമായും ടിഷ്യുവുമായും കണക്റ്റഡ് ആണ്.","Do you know, your colon is connected with every cell and tissue in the body.",,,,,
45,03:39-03:45,"अगर यहां गड़बड़ होगी, तो वो शरीर के अलग-अलग हिस्सों में disturbance लाएगी ही लाएगी।","ഇവിടെ എന്തെങ്കിലും പ്രശ്നം വന്നാൽ, അത് ബോഡിയുടെ പല ഭാഗങ്ങളിലും ഡിസ്റ്റർബൻസ് ഉണ്ടാക്കും — ഉറപ്പാണ്.","If some problem comes here, it will create disturbance in many parts of the body — that is certain.",health-claim,,,,
46,03:45-03:50,"क्योंकि वो waste अंदर सड़ने लगता है, toxins produce करता है।","കാരണം ആ വേസ്റ്റ് ഉള്ളിൽ കിടന്ന് ചീയാൻ തുടങ്ങും, ടോക്സിൻസ് ഉണ്ടാക്കും.",Because that waste starts rotting inside and produces toxins.,,,,,
47,04:03-04:10,"जो भी हमारा weakest organ होता है, ये toxins उसके functioning को disturb करते हैं और उसमें बीमारी लाते हैं।","നമ്മുടെ ഏറ്റവും വീക്ക് ആയ ഓർഗൻ ഏതാണോ, അതിന്റെ പ്രവർത്തനം ഈ ടോക്സിൻസ് ഡിസ്റ്റർബ് ചെയ്യും, അവിടെ അസുഖം കൊണ്ടുവരും.","Whichever is our weakest organ, these toxins disturb its working and bring illness there.",health-claim,,,,
48,04:10-04:14,इसीलिए तो constipation को mother of all diseases बोला जाता है।,അതുകൊണ്ടാണ് മലബന്ധത്തെ മദർ ഓഫ് ഓൾ ഡിസീസസ് എന്ന് വിളിക്കുന്നത്.,That is why constipation is called the mother of all diseases.,health-claim,,,,
49,04:14-04:25,"मेरा आपको ये सब बताने का intention सिर्फ़ ये है कि आप इस problem को please lightly न लें, टालते न रहें, action लें, और इसको पूरी तरह heal करें।","ഇതൊക്കെ പറയുന്നതിന്റെ ഒറ്റ ഉദ്ദേശ്യമേ ഉള്ളൂ — ഈ പ്രോബ്ലം പ്ലീസ്, നിസ്സാരമായി എടുക്കരുത്, നീട്ടി നീട്ടി വെക്കരുത്; ആക്ഷൻ എടുക്കൂ, ഇത് പൂർണമായി മാറ്റിയെടുക്കൂ.","There is only one intention in telling all this — please do not take this problem lightly, do not keep postponing it; take action and heal it completely.",health-claim,,,,
50,04:25-04:27,"चलिए, बढ़ें अपने second step पे?",ഇനി സെക്കൻഡ് സ്റ്റെപ്പിലേക്ക്.,"Now, to the second step.",,,,,
51,04:27-04:32,ये है — consume at least one cleansing drink per day.,അതിതാണ് — ദിവസവും കുറഞ്ഞത് ഒരു ക്ലെൻസിംഗ് ഡ്രിങ്ക് എങ്കിലും കുടിക്കുക.,It is this — drink at least one cleansing drink every day.,health-claim,,,,
52,04:32-04:39,"अब मैं आपके साथ ऐसे तीन juices और एक special tea के बारे में share करने वाली हूं, जो आपके लिए बहुत beneficial होंगे।",ഇനി ഞാൻ മൂന്ന് ജ്യൂസും ഒരു സ്പെഷ്യൽ ചായയും നിങ്ങളുമായി ഷെയർ ചെയ്യാം — ഇവ നിങ്ങൾക്ക് നല്ല ബെനിഫിറ്റ് തരും.,Now I will share three juices and one special tea with you — these will give you good benefit.,,,,,
53,04:40-04:46,"पहला — सफ़ेद पेठे का juice, यानी ash gourd juice। ये ash gourd आपको किसी भी सब्ज़ी वाले के पास मिल जाएगा।","ആദ്യത്തേത് — കുമ്പളങ്ങ ജ്യൂസ്, അതായത് ആഷ് ഗോർഡ് ജ്യൂസ്. കുമ്പളങ്ങ ഏത് പച്ചക്കറി കടയിലും കിട്ടും.","The first — kumbalanga juice, that is, ash gourd juice. You will get ash gourd in any vegetable shop.",term-choice,,,,
54,04:46-04:51,"छिलका और बीज हटाओ, blend करो, छान लो — और हो गया आपका juice ready।","തൊലിയും കുരുവും കളയൂ, ബ്ലെൻഡ് ചെയ്യൂ, അരിച്ചെടുക്കൂ — ജ്യൂസ് റെഡി.","Remove the peel and seeds, blend, strain — juice ready.",,,,,
55,04:51-04:55,"आंवला juice — ये आपकी digestive fire को बढ़ाता है,","നെല്ലിക്ക ജ്യൂസ് — ഇത് നിങ്ങളുടെ ദഹനത്തിന്റെ അഗ്നി കൂട്ടും,","Amla (gooseberry) juice — this increases the fire of your digestion,",health-claim,,,,
56,04:55-04:59,जो ultimately digestion और bowel clearing दोनों में help करता है।,അത് ദഹനത്തിനും വയറ് ക്ലിയർ ആവുന്നതിനും — രണ്ടിനും ഹെൽപ്പ് ചെയ്യും.,That helps both digestion and the stomach getting cleared.,health-claim,,,,
57,04:59-05:07,"तीन आंवला पानी के साथ blend करो, छान लो, फिर दो-तीन गुना ज़्यादा पानी मिलाके पी लो।","മൂന്ന് നെല്ലിക്ക കുറച്ച് വെള്ളത്തിനൊപ്പം ബ്ലെൻഡ് ചെയ്യൂ, അരിച്ചെടുക്കൂ, പിന്നെ രണ്ടോ മൂന്നോ ഇരട്ടി വെള്ളം കൂടി ചേർത്ത് കുടിച്ചോളൂ.","Blend three gooseberries with a little water, strain, then add two or three times more water and drink.",health-claim,,,,
58,05:08-05:11,Coconut water with sabja seeds.,സബ്ജ സീഡ്സ് ഇട്ട കരിക്കിൻവെള്ളം.,Tender coconut water with sabja seeds in it.,term-choice,,,,
59,05:11-05:15,Coconut water अपने आप में ही mildly laxative होता है।,കരിക്കിൻവെള്ളം അതിൽ തന്നെ ഒരു മൈൽഡ് ലാക്സേറ്റീവ് ആണ്.,Tender coconut water is by itself a mild laxative.,health-claim,,,,
60,05:15-05:18,उसमें एक चौथाई चम्मच sabja seeds मिला लो।,അതിൽ കാൽ സ്പൂൺ സബ്ജ സീഡ്സ് ഇട്ടോളൂ.,Put a quarter spoon of sabja seeds in it.,health-claim,,,,
61,05:18-05:20,पांच मिनट में ही वो swell हो जाते हैं।,അഞ്ച് മിനിറ്റിനുള്ളിൽ അവ വീർത്തു വരും.,Within five minutes they swell up.,,,,,
62,05:20-05:24,ये भी आपके gut को clean करने में बहुत मदद करते हैं।,ഇവയും നിങ്ങളുടെ കുടൽ ക്ലീൻ ആക്കാൻ നന്നായി ഹെൽപ്പ് ചെയ്യും.,These also help a lot in cleaning your gut.,health-claim,,,,
63,05:24-05:26,और fourth — fennel tea.,പിന്നെ നാലാമത്തേത് — പെരുംജീരക ചായ.,And the fourth — fennel (perumjeerakam) tea.,term-choice,,,,
64,05:26-05:29,"Fennel यानी सौंफ़, वो special herb है,","ഫെന്നൽ എന്നാൽ പെരുംജീരകം — സ്പെഷ്യൽ ഹെർബാണ്,","Fennel means perumjeerakam — a special herb,",,,,,
65,05:29-05:32,"जो आपके digestive secretions को बढ़ाता है,","അത് നിങ്ങളുടെ ദഹനരസങ്ങളുടെ ഉത്പാദനം കൂട്ടും,","It increases the production of your digestive juices,",health-claim,,,,
66,05:32-05:34,"जिससे आपकी अग्नि और improve होती है,","അഗ്നി പിന്നെയും ഇംപ്രൂവ് ആവും,","The agni improves further,",,,,,
67,05:34-05:36,और bowels और easily clear हो पाते हैं।,മോഷനും കൂടുതൽ ഈസിയായി ക്ലിയർ ആവും.,And the motion also clears more easily.,health-claim,,,,
68,05:36-05:38,"Fennel tea बनाने के लिए, simply —",ഈ ചായ ഉണ്ടാക്കാൻ വളരെ സിമ്പിളാണ് —,Making this tea is very simple —,,,,,
69,05:38-05:41,"आधा teaspoon सौंफ़ को एक cup पानी में उबाल लें,","അര ടീസ്പൂൺ പെരുംജീരകം ഒരു കപ്പ് വെള്ളത്തിൽ തിളപ്പിക്കൂ,","Boil half a teaspoon of fennel in one cup of water,",health-claim,,,,
70,05:41-05:43,और फिर cup में निकाल लें।,എന്നിട്ട് കപ്പിലേക്ക് പകർന്നോളൂ.,And then pour it into a cup.,,,,,
71,05:43-05:45,इसको छानने की कोई ज़रूरत नहीं।,ഇത് അരിക്കേണ്ട ആവശ്യമേ ഇല്ല.,There is no need at all to strain this.,,,,,
72,05:45-05:48,आप इन तीन में से किसी भी एक juice को —,ഈ മൂന്ന് ജ്യൂസിൽ ഏതെങ്കിലും ഒരെണ്ണം —,Any one of these three juices —,,,,,
73,05:49-05:51,जो आपके लिए easily available हो —,ഈസിയായി കിട്ടുന്ന ഒരെണ്ണം —,One that you get easily —,,,,,
74,05:51-05:53,"उसको सुबह पी लीजिए,","രാവിലെ കുടിച്ചോളൂ,","Drink it in the morning,",health-claim,,,,
75,05:53-05:55,अपने breakfast से एक-डेढ़ घंटे पहले।,ബ്രേക്ക്ഫാസ്റ്റിന് ഒന്നൊന്നര മണിക്കൂർ മുമ്പ്.,One to one and a half hours before breakfast.,health-claim,,,,
76,05:55-05:58,"और फिर एक बड़ा tumbler इस चाय का बना के रख लीजिए,","പിന്നെ ഒരു വലിയ ടംബ്ലർ നിറയെ ഈ ചായ ഉണ്ടാക്കി വെച്ചോളൂ,","Then make and keep a big tumbler full of this tea,",,,,,
77,05:58-06:00,"जिसमें ये गरम रहे,","അതിൽ ഇത് ചൂടോടെ ഇരിക്കും,","In it, this stays warm,",,,,,
78,06:00-06:03,और पूरे दिन आप थोड़ी-थोड़ी चाय sip करते रह सकते हैं।,ദിവസം മുഴുവൻ കുറേശ്ശെ കുറേശ്ശെ ഇത് കുടിച്ചോണ്ടിരിക്കാം.,You can keep sipping it little by little through the whole day.,health-claim,,,,
79,06:03-06:05,"अब, जब हम doctors के पास जाते हैं,","നമ്മൾ ഡോക്ടറെ കാണാൻ പോവുമ്പോൾ,","When we go to see the doctor,",,,,,
80,06:05-06:08,"वो हमें अक्सर एक ऐसी चीज़ prescribe करते हैं,","അവർ മിക്കപ്പോഴും ഒരു സാധനം എഴുതിത്തരും,","They often prescribe us a thing,",,,,,
81,06:08-06:11,"जिससे short term में तो relief मिलता है,","അതുകൊണ്ട് ഷോർട്ട് ടേമിൽ റിലീഫ് കിട്ടും,","With it you get relief in the short term,",,,,,
82,06:11-06:15,"लेकिन जैसे ही लेना बंद करो, problem वापस आ जाती है।",പക്ഷേ നിർത്തിയാൽ ഉടനെ പ്രോബ്ലം തിരിച്ചു വരും.,"But as soon as you stop, the problem comes back.",health-claim,,,,
83,06:15-06:17,हम बात कर रहे हैं laxatives की।,അതാണ് ലാക്സേറ്റീവ്സ്.,That is laxatives.,,,,,
84,06:17-06:21,"जब आप इनको लेते हैं, body को इनकी आदत लग जाती है,","ഇവ കഴിക്കുമ്പോൾ ബോഡിക്ക് ഇതൊരു ശീലമായി മാറും,","When you take these, it becomes a habit for the body,",health-claim,,,,
85,06:21-06:25,और एक time के बाद बिना laxatives के motion आता ही नहीं।,കുറച്ചു കഴിയുമ്പോൾ ലാക്സേറ്റീവ് ഇല്ലാതെ മോഷൻ പോവുകയേ ഇല്ല എന്നാവും.,"After a while, it becomes such that without a laxative the motion just will not go.",health-claim,,,,
86,06:26-06:28,हमें इस cycle में नहीं पड़ना।,നമ്മൾ ഈ സൈക്കിളിൽ വീഴാൻ പാടില്ല.,We must not fall into this cycle.,,,,,
87,06:28-06:32,आपकी intestine को किसी भी चीज़ की आदत नहीं लगने देनी है।,നിങ്ങളുടെ കുടലിന് ഒരു സാധനത്തിന്റെയും ശീലം വരാൻ വിടരുത്.,You should not let your intestine get into the habit of anything.,health-claim,,,,
88,06:32-06:36,"ये juices और herbal tea मां प्रकृति के natural laxatives हैं,","ഈ ജ്യൂസുകളും ചായയും നാച്ചുറൽ ലാക്സേറ്റീവ്സ് ആണ്,","These juices and the tea are natural laxatives,",,,,,
89,06:36-06:38,लेकिन इनकी कभी आदत नहीं लगती।,പക്ഷേ ഇവ ഒരിക്കലും ശീലമായി മാറില്ല.,But these never become a habit.,health-claim,,,,
90,06:38-06:41,चलिए बढ़ते हैं अपने third step पे —,എന്നാൽ നമുക്ക് തേഡ് സ്റ്റെപ്പിലേക്ക് പോവാം —,So let us move to the third step —,,,,,
91,06:41-06:43,Eat more water-rich food.,വാട്ടർ റിച്ച് ഫുഡ് കൂടുതൽ കഴിക്കുക.,Eat more water-rich food.,length-risk,,,,
92,06:43-06:46,"देखिए, food दो तरह के होते हैं —","നോക്കൂ, ഫുഡ് രണ്ട് തരമുണ്ട് —","See, food is of two types —",,,,,
93,06:46-06:48,Water-rich और water-poor.,വാട്ടർ റിച്ചും വാട്ടർ പുവറും.,Water-rich and water-poor.,term-choice,,,,
94,06:48-06:50,"Water-rich वो होते हैं जिनमें रस भरा होता है,","വാട്ടർ റിച്ച് — നീര് നിറഞ്ഞവ,","Water-rich — those full of juice,",,,,,
95,06:50-06:52,जैसे सभी fruits —,ഉദാഹരണത്തിന് എല്ലാ ഫ്രൂട്ട്സും —,"For example, all fruits —",,,,,
96,06:52-06:55,"पपीता, तरबूज़, ख़रबूज़ा, संतरा, सेब, अंगूर, pineapple, berries,","പപ്പായ, തണ്ണിമത്തൻ, ഷമാം, ഓറഞ്ച്, ആപ്പിൾ, മുന്തിരി, പൈനാപ്പിൾ, ബെറീസ്,","Papaya, watermelon, muskmelon, orange, apple, grapes, pineapple, berries,",length-risk,,,,
97,06:56-06:58,"और साथ ही ज़्यादातर सब्ज़ियां,","പിന്നെ മിക്ക പച്ചക്കറികളും,","And also most vegetables,",,,,,
98,06:58-07:02,"जैसे टमाटर, खीरा, पालक, लौकी, तोरई, beans, टिंडा।","തക്കാളി, വെള്ളരിക്ക, ചീര, ചുരയ്ക്ക, പീച്ചിങ്ങ, ബീൻസ് — ഇതൊക്കെ.","Tomato, cucumber, spinach, bottle gourd, ridge gourd, beans — all these.",term-choice,,,,
99,07:04-07:07,"अब दूसरी तरफ़, water-poor foods में आते हैं —","ഇനി മറുവശത്ത്, വാട്ടർ പുവർ ഫുഡ്സിൽ വരുന്നത് —","Now on the other side, what comes under water-poor foods —",,,,,
100,07:07-07:09,"अनाज, दालें और मेवे,","ധാന്യങ്ങൾ, പരിപ്പുകൾ, പിന്നെ നട്ട്സ്,","Grains, lentils, and nuts,",,,,,
101,07:09-07:16,"जैसे रोटी, चावल, गेहूं, दाल, छोले, चना, राजमा, लोबिया, रागी, बादाम, पिस्ता, अखरोट।","ചപ്പാത്തി, ചോറ്, ഗോതമ്പ്, പരിപ്പ്, കടല, രാജ്മ, വൻപയർ, റാഗി, ബദാം, പിസ്ത, വാൽനട്ട് — ഇങ്ങനെ.","Chapati, rice, wheat, dal, chana, rajma, cowpea, ragi, almond, pistachio, walnut — like this.",,,,,
102,07:16-07:21,अगर आप किसी food को simply अपने हाथ में रखो और थोड़ा press करो —,ഏതെങ്കിലും ഒരു ഫുഡ് വെറുതെ കയ്യിൽ വെച്ച് ഒന്ന് ഞെക്കി നോക്കൂ —,Just take any food in your hand and press it a little —,,,,,
103,07:21-07:24,"अगर उसमें से रस निकले, तो समझ जाना वो water-rich है,","നീര് വന്നാൽ അത് വാട്ടർ റിച്ച്,","If juice comes out, it is water-rich,",,,,,
104,07:24-07:28,"और अगर कुछ न निकले, तो समझ जाना वो एक water-poor food है।",ഒന്നും വരുന്നില്ലെങ്കിൽ അതൊരു വാട്ടർ പുവർ ഫുഡ് ആണെന്നും.,"And if nothing comes out, that it is a water-poor food.",,,,,
105,07:28-07:31,अब शायद आप सोच रहे हों कि water-poor food बुरे होते हैं।,വാട്ടർ പുവർ ഫുഡ് മോശമാണെന്ന് തോന്നാം.,You may think water-poor food is bad.,,,,,
106,07:31-07:35,बिल्कुल नहीं — इनका अपना body में बहुत important role होता है।,ഒരിക്കലുമല്ല — ബോഡിയിൽ ഇവയ്ക്ക് അവരുടേതായ വളരെ ഇംപോർട്ടന്റ് റോൾ ഉണ്ട്.,Not at all — in the body these have their own very important role.,,,,,
107,07:35-07:40,Problem तब होती है जब हमारा पूरा दिन सिर्फ़ इन्हीं पे चलता है।,നമ്മുടെ ദിവസം മുഴുവൻ ഇവ മാത്രം കഴിച്ചു പോവുമ്പോഴാണ് പ്രോബ്ലം വരുന്നത്.,The problem comes when our whole day runs on eating only these.,,,,,
108,07:40-07:44,"For example, अगर आप एक mixie में सिर्फ़ सूखी चीज़ें डालें —","ഉദാഹരണത്തിന്, ഒരു മിക്സിയിൽ ഉണങ്ങിയ സാധനങ്ങൾ മാത്രം ഇട്ടാൽ —","For example, if you put only dry things in a mixie —",,,,,
109,07:44-07:48,"रोटी, दाल, चावल — blade कितना भी powerful क्यों न हो,","ചപ്പാത്തി, പരിപ്പ്, ചോറ് — ബ്ലേഡ് എത്ര പവർഫുൾ ആയാലും,","Chapati, dal, rice — however powerful the blade may be,",,,,,
110,07:48-07:50,कुछ mix हो पाएगा?,വല്ലതും മിക്സ് ആവുമോ?,Will anything get mixed?,,,,,
111,07:50-07:55,"नहीं। लेकिन वहीं, अगर बीच-बीच में थोड़ा टमाटर, खीरा और लौकी डाल दो,","ഇല്ല. പക്ഷേ ഇടയ്ക്കിടെ കുറച്ച് തക്കാളിയും വെള്ളരിക്കയും ചുരയ്ക്കയും കൂടി ഇട്ടു കൊടുത്താൽ,","No. But if in between you also add some tomato, cucumber and bottle gourd,",,,,,
112,07:55-07:58,सब कुछ आसानी से breakdown हो जाएगा।,എല്ലാം ഈസിയായി ബ്രേക്ക്ഡൗൺ ആയി കിട്ടും.,Everything will get broken down easily.,,,,,
113,07:58-08:01,आपको समझ में आ रहा है मैं क्या बोल रही हूं?,ഞാൻ പറഞ്ഞു വരുന്നത് നിങ്ങൾക്ക് മനസ്സിലാവുന്നുണ്ടോ?,Are you understanding what I am getting at?,,,,,
114,08:01-08:04,आपके gut में भी कुछ ऐसा ही होता है।,നിങ്ങളുടെ കുടലിലും ഏതാണ്ട് ഇതു തന്നെയാണ് നടക്കുന്നത്.,"In your gut too, almost the same thing happens.",,,,,
115,08:04-08:10,"अगर सिर्फ़ dry, water-poor food खाते हो, तो system उनको अच्छे से और जल्दी से breakdown नहीं कर पाता,","ഡ്രൈ ആയ വാട്ടർ പുവർ ഫുഡ് മാത്രം കഴിച്ചാൽ, സിസ്റ്റത്തിന് അത് വേഗത്തിലും നന്നായും ബ്രേക്ക്ഡൗൺ ചെയ്യാൻ പറ്റില്ല,","If you eat only dry water-poor food, the system cannot break it down fast and well,",,,,,
116,08:10-08:12,उसको निकाल नहीं पाता।,പുറത്തു കളയാനും പറ്റില്ല.,It cannot throw it out either.,,,,,
117,08:12-08:15,"दूसरी तरफ़, water-rich food वो moisture add करते हैं,","മറുവശത്ത്, വാട്ടർ റിച്ച് ഫുഡ് ആ വേണ്ട നനവ് ചേർത്തു തരും,","On the other side, water-rich food adds that needed moisture,",,,,,
118,08:15-08:19,"जो चीज़ों को move करने में, digest करने में help करते हैं।",അത് സാധനങ്ങൾ മൂവ് ആവാനും ഡൈജസ്റ്റ് ആവാനും ഹെൽപ്പ് ചെയ്യും.,That helps things to move and to digest.,,,,,
119,08:19-08:23,"अब, practically अपनी diet को ज़्यादा water-rich बनाएं कैसे?","ഇനി, പ്രാക്ടിക്കലായി നമ്മുടെ ഭക്ഷണം എങ്ങനെ കൂടുതൽ വാട്ടർ റിച്ച് ആക്കാം?","Now, practically, how can we make our food more water-rich?",,,,,
120,08:23-08:26,पहला तरीका है — fruit-based breakfast.,ആദ്യത്തെ വഴി — ഫ്രൂട്ട് ബേസ്ഡ് ബ്രേക്ക്ഫാസ്റ്റ്.,The first way — fruit-based breakfast.,,,,,
121,08:27-08:31,"Constipation के लिए specifically, papaya सबसे फ़ायदेमंद fruit है।","മലബന്ധത്തിന് പ്രത്യേകിച്ച്, ഏറ്റവും ബെസ്റ്റ് ഫ്രൂട്ട് പപ്പായയാണ്.","Specifically for constipation, the best fruit is papaya.",health-claim,,,,
122,08:31-08:34,"लेकिन हां, वो अच्छे से ripe होना चाहिए।","പക്ഷേ അത് നന്നായി പഴുത്തതായിരിക്കണം, കേട്ടോ.","But it should be well ripened, okay.",,,,,
123,08:34-08:38,"ये आपकी body में proteins को breakdown करने में मदद करता है,","ഇത് ബോഡിയിൽ പ്രോട്ടീൻസ് ബ്രേക്ക്ഡൗൺ ആവാൻ ഹെൽപ്പ് ചെയ്യും,","This helps proteins get broken down in the body,",health-claim,,,,
124,08:38-08:40,और hard stool को soft बनाता है।,കട്ടിയായ മലത്തെ സോഫ്റ്റ് ആക്കുകയും ചെയ്യും.,And it also makes hard stool soft.,health-claim,,,,
125,08:40-08:45,"इसके अलावा, second fruit जो constipation के लिए फ़ायदेमंद है, वो है banana।","പിന്നെ, മലബന്ധത്തിന് നല്ല രണ്ടാമത്തെ ഫ്രൂട്ട് — വാഴപ്പഴം.","Then, the second fruit that is good for constipation — banana.",health-claim,,,,
126,08:45-08:48,"लेकिन सिर्फ़ तब, जब आप सुबह exercise करते हैं।",പക്ഷേ രാവിലെ എക്സർസൈസ് ചെയ്യുന്നുണ്ടെങ്കിൽ മാത്രം.,But only if you exercise in the morning.,health-claim,,,,
127,08:48-08:50,वरना ये थोड़ा भारी भी हो सकता है।,അല്ലെങ്കിൽ ഇത് ഇത്തിരി ഹെവി ആയേക്കാം.,Otherwise this may turn out a bit heavy.,,,,,
128,08:50-08:53,तो breakfast में आपको एक बड़ा fruit platter लेना है।,ബ്രേക്ക്ഫാസ്റ്റിന് വലിയ ഫ്രൂട്ട് പ്ലേറ്റ് കഴിക്കൂ.,"For breakfast, eat a big fruit plate.",health-claim,,,,
129,08:53-08:55,"और इसको और filling बनाने के लिए,","ഇത് കുറച്ചുകൂടി ഫില്ലിംഗ് ആക്കാൻ,","To make it a bit more filling,",,,,,
130,08:55-08:59,इसके साथ मुट्ठी भर soaked nuts और seeds भी ले सकते हैं।,കൂടെ ഒരു പിടി കുതിർത്ത നട്ട്സും സീഡ്സും കൂടി കഴിക്കാം.,Along with it you can also eat a handful of soaked nuts and seeds.,health-claim,,,,
131,08:59-09:04,"Essentially — इडली, डोसा, चीला, bread, toast, cornflakes इनकी बजाय,","ചുരുക്കി പറഞ്ഞാൽ — ഇഡ്ലി, ദോശ, ചീല, ബ്രെഡ്, ടോസ്റ്റ്, കോൺഫ്ലേക്സ് — ഇതിനു പകരം,","In short — instead of idli, dosa, cheela, bread, toast, cornflakes,",,,,,
132,09:04-09:06,fruit-based breakfast लेके देखिए।,ഫ്രൂട്ട് ബ്രേക്ക്ഫാസ്റ്റ് ട്രൈ ചെയ്യൂ.,Try a fruit breakfast.,,,,,
133,09:06-09:09,आप दिन में ज़्यादा energetic भी feel करेंगे।,പകൽ കൂടുതൽ എനർജറ്റിക് ആയും ഫീൽ ചെയ്യും.,You will also feel more energetic during the day.,health-claim,,,,
134,09:09-09:14,दूसरा तरीका — lunch और dinner में सब्ज़ियों का ratio double कर दीजिए।,രണ്ടാമത്തെ വഴി — ലഞ്ചിലും ഡിന്നറിലും പച്ചക്കറിയുടെ റേഷ്യോ ഡബിൾ ആക്കൂ.,The second way — double the ratio of vegetables in lunch and dinner.,health-claim,,,,
135,09:14-09:20,"अगर आपकी plate में एक portion अनाज है, एक portion दाल, तो दो portion सब्ज़ी रखें।","പ്ലേറ്റിൽ ഒരു പോർഷൻ ചോറോ ചപ്പാത്തിയോ, ഒരു പോർഷൻ പരിപ്പ് ഉണ്ടെങ്കിൽ, രണ്ട് പോർഷൻ പച്ചക്കറി വെക്കണം.","If on the plate there is one portion of rice or chapati and one portion of dal, keep two portions of vegetables.",health-claim,,,,
136,09:20-09:26,"Basically, आपकी lunch और dinner की plate कुछ ऐसी दिखनी चाहिए।","ബേസിക്കലി, നിങ്ങളുടെ ലഞ്ച്-ഡിന്നർ പ്ലേറ്റ് ഏകദേശം ഇങ്ങനെ ഇരിക്കണം.","Basically, your lunch and dinner plate should look roughly like this.",,,,,
137,09:27-09:34,"तीसरा — बीच-बीच में dry या packaged snacks की जगह hydrating snacks लीजिए,","മൂന്നാമത് — ഇടയ്ക്കുള്ള ഡ്രൈ അല്ലെങ്കിൽ പാക്കറ്റ് സ്നാക്സിന് പകരം ഹൈഡ്രേറ്റിംഗ് സ്നാക്സ് കഴിക്കൂ,","Third — instead of the dry or packet snacks in between, eat hydrating snacks,",health-claim,,,,
138,09:34-09:37,"जैसे फल, खीरे की plate, या smoothie।","ഫ്രൂട്ട്സ്, പ്ലേറ്റ് വെള്ളരിക്ക, അല്ലേൽ സ്മൂത്തി.","Fruits, a plate of cucumber, or a smoothie.",,,,,
139,09:37-09:41,"Ensure कीजिए कि आपकी smoothie ज़्यादा मीठी न हो, वरना आपका blood sugar spike हो सकता है।","സ്മൂത്തി അധികം മധുരം ആവരുത്, കേട്ടോ — അല്ലെങ്കിൽ ബ്ലഡ് ഷുഗർ സ്പൈക്ക് ആവാം.","The smoothie should not be too sweet, okay — otherwise blood sugar can spike.",health-claim,,,,
140,09:42-09:45,"एक और fruit जो आपके gut को naturally clean करता है,",കുടൽ ക്ലീൻ ആക്കുന്ന വേറൊരു നാച്ചുറൽ ഫ്രൂട്ട് —,Another natural fruit that cleans the gut —,,,,,
141,09:45-09:49,"और constipation के लिए बहुत effective है — वो है prunes,","മലബന്ധത്തിന് വളരെ എഫക്റ്റീവ് ആണ് — അതാണ് പ്രൂൺസ്,","And it is very effective for constipation — that is prunes,",health-claim,,,,
142,09:49-09:53,"यानी dried plum, जिसे सूखा आलूबुख़ारा भी कहते हैं।",അതായത് ഡ്രൈഡ് പ്ലം — ഉണക്കിയ പ്ലം പഴം.,"That is, dried plum — the dried plum fruit.",,,,,
143,09:53-09:57,आपके prunes बिना sugar coating वाले होने चाहिए।,പ്രൂൺസ് ഷുഗർ കോട്ടിംഗ് ഇല്ലാത്തതായിരിക്കണം.,The prunes should be without sugar coating.,health-claim,,,,
144,09:57-10:00,ये आपको आराम से online मिल जाएंगे।,ഇത് ഓൺലൈനിൽ ഈസിയായി കിട്ടും.,You will get these easily online.,,,,,
145,10:00-10:03,"अगर ये prunes थोड़े भी hard हों, तो उन्हें कुछ घंटे soak करके खाएं।",ഹാർഡ് ആണേൽ കുറച്ച് മണിക്കൂർ കുതിർത്ത് കഴിക്കൂ.,"If hard, soak them for a few hours and eat.",health-claim,,,,
146,10:03-10:05,वरना normally ऐसे भी खा सकते हैं।,അല്ലെങ്കിൽ അങ്ങനെ തന്നെ കഴിക്കാം.,Otherwise you can eat them just as they are.,,,,,
147,10:06-10:09,"तो ये हैं तीन अलग-अलग तरीके,","അപ്പോൾ ഇതാ മൂന്ന് വ്യത്യസ്ത വഴികൾ,","So here are three different ways,",,,,,
148,10:09-10:12,अपनी diet को और water-rich बनाने के लिए।,നമ്മുടെ ഭക്ഷണം കൂടുതൽ വാട്ടർ റിച്ച് ആക്കാൻ.,To make our food more water-rich.,,,,,
149,10:12-10:14,आप fundamental principle समझ गए ना?,പ്രിൻസിപ്പിൾ മനസ്സിലായല്ലോ?,"You understood the principle, right?",,,,,
150,10:14-10:17,आपको ज़्यादा ऐसा खाना खाना है जो रस से भरा हो।,നീര് നിറഞ്ഞ ഭക്ഷണം കൂടുതൽ കഴിക്കണം.,You should eat more food that is full of juice.,,,,,
151,10:17-10:19,Simple है।,സിമ്പിൾ അല്ലേ.,"Simple, right.",,,,,
152,10:20-10:23,"अच्छा, एक बार जल्दी से उन तीन foods के बारे में भी समझ लेते हैं,","ശരി, ഇനി പെട്ടെന്ന് ആ മൂന്ന് ഫുഡ്സിനെ പറ്റി കൂടി അറിയാം,","Okay, now let us quickly also learn about those three foods,",,,,,
153,10:23-10:26,जो आपके gut को सबसे ज़्यादा damage करते हैं।,നിങ്ങളുടെ കുടലിനെ ഏറ്റവും കൂടുതൽ ഡാമേജ് ചെയ്യുന്നവ.,The ones that damage your gut the most.,health-claim,,,,
154,10:26-10:29,"पहला — refined flour, जैसे कि मैदा।","ഒന്നാമത്തേത് — റിഫൈൻഡ് ഫ്ലവർ, അതായത് മൈദ.","The first — refined flour, that is, maida.",,,,,
155,10:29-10:33,इसमें आ जाती हैं वो सारी चीज़ें जो मैदे से बनती हैं —,മൈദ കൊണ്ട് ഉണ്ടാക്കുന്ന എല്ലാ സാധനങ്ങളും ഇതിൽ പെടും —,Everything made from maida comes under this —,,,,,
156,10:33-10:37,"भटूरा, नान, pizza, पाव, noodles, biscuit — बाक़ी तो आपको पता ही है।","പൊറോട്ട, നാൻ, പിസ്സ, ബൺ, നൂഡിൽസ്, ബിസ്കറ്റ് — ബാക്കി നിങ്ങൾക്ക് അറിയാമല്ലോ.","Porotta, naan, pizza, bun, noodles, biscuit — the rest you know anyway.",term-choice,,,,
157,10:37-10:41,दूसरा — दूध और दूध से बनी चीज़ें।,രണ്ടാമത്തേത് — പാലും പാലുകൊണ്ടുള്ള സാധനങ്ങളും.,The second — milk and things made from milk.,,,,,
158,10:41-10:45,"अब मुझे पता है, इस fact को digest करना थोड़ा मुश्किल है।",ഈ ഫാക്റ്റ് ദഹിക്കാൻ ഇത്തിരി പാടാണെന്ന് എനിക്കറിയാം.,I know this fact is a little hard to digest.,,,,,
159,10:46-10:49,दूसरा — दूध और दूध से बनी चीज़ें।,അതെ — പാലും പാലുൽപ്പന്നങ്ങളും തന്നെ.,Yes — milk and milk products indeed.,unclear-source,,,,
160,10:49-10:53,"अब मुझे पता है, इस fact को digest करना थोड़ा मुश्किल है।",ഇത് ഉൾക്കൊള്ളാൻ കുറച്ച് ബുദ്ധിമുട്ടാണെന്ന് എനിക്കറിയാം.,I know this is a bit difficult to accept.,unclear-source,,,,
161,10:53-10:59,लेकिन सच ये है कि आजकल की sedentary lifestyle में ये dairy products हमारा शरीर digest नहीं कर पाता।,പക്ഷേ സത്യം — ഇന്നത്തെ അനക്കമില്ലാത്ത ലൈഫ്സ്റ്റൈലിൽ ഡെയറി ഡൈജസ്റ്റ് ചെയ്യാൻ ബോഡിക്ക് പറ്റുന്നില്ല.,But the truth — in today's sedentary lifestyle the body cannot digest dairy.,health-claim,,,,
162,11:00-11:02,ये अंदर mucus पैदा करते हैं।,ഇവ ഉള്ളിൽ കഫം ഉണ്ടാക്കും.,These create mucus inside.,health-claim,,,,
163,11:02-11:04,और तीसरा — meat.,പിന്നെ മൂന്നാമത്തേത് — മാംസം.,And the third — meat.,,,,,
164,11:04-11:07,इसको पूरा digest होने में तीन दिन तक लग सकते हैं।,ഇത് മുഴുവനായി ദഹിക്കാൻ മൂന്ന് ദിവസം വരെ എടുക്കാം.,It can take up to three days to fully digest.,health-claim,,,,
165,11:07-11:10,ये बहुत heavy होता है और gut को काफ़ी sluggish बनाता है।,"ഇത് നല്ല ഹെവിയാണ്, കുടലിനെ നന്നായി സ്ലോ ആക്കുകയും ചെയ്യും.",It is quite heavy and it also makes the gut very slow.,health-claim,,,,
166,11:10-11:14,"मैं जानती हूं, आपके लिए इनको avoid करना थोड़ा मुश्किल हो सकता है।","ഇതൊക്കെ ഒഴിവാക്കാൻ പാടായിരിക്കും, അറിയാം.","Avoiding these will be hard, I know.",,,,,
167,11:14-11:17,"हम families के साथ रहते हैं, बाहर जाना होता है।","നമ്മൾ ഫാമിലിയുടെ കൂടെയാണ് താമസം, പുറത്തും പോവേണ്ടി വരും.","We live with family, and we also have to go out.",,,,,
168,11:17-11:21,"लेकिन जितना हो सके, आप इनका consumption कम कीजिए।",എന്നാലും പറ്റുന്നത്ര ഇവയുടെ ഉപയോഗം കുറയ്ക്കൂ.,"Even so, reduce their use as much as you can.",health-claim,,,,
169,11:21-11:24,"Trust me, आपको instant results दिखेंगे।",എന്നെ വിശ്വസിക്കൂ — ഇൻസ്റ്റന്റ് റിസൾട്ട് കാണും.,Trust me — you will see instant results.,health-claim,,,,
170,11:24-11:28,आप सोच रहे होंगे — मैं ये सब इतने confidence से कैसे बोल सकती हूं?,"ഞാനിത് ഇത്ര കോൺഫിഡൻസോടെ എങ്ങനെ പറയുന്നു, അല്ലേ?","How am I saying this with so much confidence, right?",,,,,
171,11:28-11:32,"पिछले आठ सालों में मैंने हज़ारों लोगों को देखा है,","കഴിഞ്ഞ എട്ട് വർഷത്തിനിടയിൽ ഞാൻ ആയിരക്കണക്കിന് ആളുകളെ കണ്ടിട്ടുണ്ട്,","In the last eight years I have seen thousands of people,",,,,,
172,11:32-11:37,जिन्होंने इन्हीं steps को follow करके अपने gut issues और constipation को reverse किया है।,ഇതേ സ്റ്റെപ്സ് ഫോളോ ചെയ്ത് അവരുടെ കുടൽ പ്രശ്നങ്ങളും മലബന്ധവും മാറ്റിയെടുത്തവരെ.,People who followed these same steps and reversed their gut problems and constipation.,health-claim,,,,
173,11:37-11:40,"चलिए, उनमें से कुछ लोगों से मिलते हैं, और फिर आगे बढ़ेंगे।","വരൂ, അവരിൽ ചിലരെ ഒന്ന് കാണാം, എന്നിട്ട് തുടരാം.","Come, let us meet a few of them, and then continue.",,,,,
174,12:11-12:18,"(testimonial, अस्पष्ट) मुझे काफ़ी समय से ये problem थी, और मैं बहुत परेशान थी।","എനിക്ക് കുറേ കാലമായി ഈ പ്രോബ്ലം ഉണ്ടായിരുന്നു, ഞാൻ ശരിക്കും ബുദ്ധിമുട്ടിലായിരുന്നു.","I had this problem for a long time, and I was really struggling.",unclear-source,,,,
175,12:18-12:22,"Ash gourd juice पियो, fruit खाओ — तो मैंने ये सब try किया।","കുമ്പളങ്ങ ജ്യൂസ്, ഫ്രൂട്ട്സ് — ഇതെല്ലാം ഞാൻ ട്രൈ ചെയ്തു.","Ash gourd juice, fruits — I tried all of this.",unclear-source,,,,
176,12:22-12:26,पंद्रह दिन के अंदर-अंदर मेरी सारी problems दूर हो गई थीं।,പതിനഞ്ച് ദിവസത്തിനുള്ളിൽ എന്റെ എല്ലാ പ്രോബ്ലങ്ങളും മാറി.,Within fifteen days all my problems went away.,health-claim,,,,
177,12:26-12:27,मुझे जल्दी tired feel हो रहा था।,പെട്ടെന്ന് ക്ഷീണം വന്നിരുന്നു.,I used to get tired quickly.,unclear-source,,,,
178,12:27-12:29,Ash gourd juice ने really help किया।,കുമ്പളങ്ങ ജ്യൂസ് ഹെൽപ്പ് ചെയ്തു.,Ash gourd juice helped.,unclear-source,,,,
179,12:29-12:31,"जितना आप अपने शरीर के लिए care करोगे,","നിങ്ങൾ ബോഡിയെ എത്ര കെയർ ചെയ്യുന്നോ,","However much you care for your body,",,,,,
180,12:31-12:33,वो भी आपको उतना ही care करेगा।,അത്രയും തിരിച്ചു കിട്ടും.,That much you will get back.,,,,,
181,12:33-12:34,Life बहुत easy हो गई है।,ലൈഫ് നല്ല ഈസി ആയി.,Life has become really easy.,,,,,
182,12:34-12:37,आपको ख़ुद feel होगा कि आप अंदर से fresh feel कर रहे हैं।,ഉള്ളിൽ നിന്ന് ഫ്രഷ് ആണെന്ന് നിങ്ങൾക്ക് തന്നെ ഫീൽ ചെയ്യും.,You yourself will feel that you are fresh from inside.,,,,,
183,12:37-12:40,मुझे जल्दी tired feel हो रहा था।,പെട്ടെന്ന് തന്നെ ക്ഷീണം ഫീൽ ചെയ്യുമായിരുന്നു.,I used to feel tired very quickly.,unclear-source,,,,
184,12:40-12:41,मुझे जल्दी tired feel हो रहा था।,വേഗം ക്ഷീണിച്ചു പോവുമായിരുന്നു.,I would get exhausted fast.,unclear-source,,,,
185,12:42-12:46,"आइए, बढ़ते हैं अपने fourth step पे — और वो है movement.","വരൂ, നമുക്ക് ഫോർത്ത് സ്റ്റെപ്പിലേക്ക് പോവാം — അതാണ് മൂവ്മെന്റ്.","Come, let us go to the fourth step — that is movement.",,,,,
186,12:47-12:49,Exercise आपके लिए अच्छी है — ये तो आपको पता है।,എക്സർസൈസ് നല്ലതാണെന്ന് അറിയാമല്ലോ.,"You know exercise is good, right.",,,,,
187,12:49-12:53,"लेकिन फिर भी, मैं आपके लिए नीचे दो studies link कर रही हूं,","എന്നാലും, ഞാൻ താഴെ രണ്ട് സ്റ്റഡീസ് ലിങ്ക് ചെയ്യുന്നുണ്ട്,","Even so, I am linking two studies below,",,,,,
188,12:53-12:59,जो clearly बताती हैं कि movement और constipation का कितना बड़ा link है।,മൂവ്മെന്റും മലബന്ധവും തമ്മിൽ എത്ര വലിയ ബന്ധം ഉണ്ടെന്ന് അവ ക്ലിയറായി കാണിച്ചു തരും.,They will clearly show you how big a connection there is between movement and constipation.,,,,,
189,12:59-13:04,इस video में quote की गई हर study का link आपको नीचे description में मिल जाएगा।,ഈ വീഡിയോയിൽ പറഞ്ഞ ഓരോ സ്റ്റഡിയുടെയും ലിങ്ക് താഴെ ഡിസ്ക്രിപ്ഷനിൽ കിട്ടും.,The link of every study mentioned in this video you will get below in the description.,,,,,
190,13:04-13:07,"वैसे तो सभी exercise फ़ायदेमंद हैं,","അല്ലെങ്കിലും എല്ലാ എക്സർസൈസും നല്ലതാണ്,","In general, all exercise is good,",,,,,
191,13:07-13:12,"लेकिन आपके gut के लिए कुछ specific movements हैं जो extra beneficial हैं,","പക്ഷേ നിങ്ങളുടെ കുടലിന് എക്സ്ട്രാ ബെനിഫിറ്റ് തരുന്ന ചില സ്പെസിഫിക് മൂവ്മെന്റ്സ് ഉണ്ട്,","But there are some specific movements that give extra benefit to your gut,",health-claim,,,,
192,13:12-13:19,"जैसे twisting asanas — पश्चिमोत्तानासन, मरीच्यासन, अर्ध मत्स्येन्द्रासन, मालासन।","ട്വിസ്റ്റിംഗ് ആസനങ്ങൾ പോലെ — പശ്ചിമോത്താനാസനം, മരീച്യാസനം, അർദ്ധ മത്സ്യേന്ദ്രാസനം, മലാസനം.","Like twisting asanas — Paschimottanasana, Marichyasana, Ardha Matsyendrasana, Malasana.",,,,,
193,13:19-13:25,अगर आप सोच रहे हैं — ये सब करेंगे कैसे? — तो हमारे पास आपके लिए एक special gift है।,ഇതൊക്കെ എങ്ങനെ ചെയ്യും എന്നാണ് ആലോചിക്കുന്നതെങ്കിൽ — നിങ്ങൾക്കായി ഒരു സ്പെഷ്യൽ ഗിഫ്റ്റ് ഉണ്ട്.,If you are wondering how to do all this — there is a special gift for you.,,,,,
194,13:26-13:32,"हमने अपने yoga channel पर एक तीस minute की video upload की है, जिसमें ये सारे आसन include किए हैं।",ഞങ്ങളുടെ യോഗ ചാനലിൽ ഈ ആസനങ്ങളെല്ലാം ഉള്ള മുപ്പത് മിനിറ്റ് വീഡിയോ ഉണ്ട്.,On our yoga channel there is a thirty minute video with all these asanas.,,,,,
195,13:32-13:38,"चाहे आप beginner हों या already yoga practice करते हों, आप इसे देख कर साथ में practice कर सकते हैं।","നിങ്ങൾ ബിഗിനർ ആയാലും, നേരത്തെ യോഗ ചെയ്യുന്ന ആളായാലും — അത് കണ്ടുകൊണ്ട് കൂടെ പ്രാക്ടീസ് ചെയ്യാം.",Whether you are a beginner or someone already doing yoga — you can practice along while watching it.,,,,,
196,13:38-13:40,इस video का link आपको नीचे description में मिल जाएगा।,ലിങ്ക് താഴെ ഡിസ്ക്രിപ്ഷനിൽ ഉണ്ട്.,The link is below in the description.,,,,,
197,13:40-13:45,"और अगर आपको लगता है — अरे, yoga तो मुझसे होगा ही नहीं — कोई बात नहीं।","ഇനി — അയ്യോ, യോഗയൊന്നും എന്നെക്കൊണ്ട് പറ്റില്ല — എന്നാണ് തോന്നുന്നതെങ്കിൽ, സാരമില്ല.","And if you feel — oh no, yoga is just not possible for me — no problem.",,,,,
198,13:45-13:52,"आप brisk walking करें, कोई sport खेलें, dance करें, cycling करें — वो movement करें जो आपके दिल को ख़ुश करे।","സ്പീഡിൽ നടക്കൂ, എന്തെങ്കിലും സ്പോർട്സ് കളിക്കൂ, ഡാൻസ് ചെയ്യൂ, സൈക്ലിംഗ് ചെയ്യൂ — മനസ്സിന് സന്തോഷം തരുന്ന ഏത് മൂവ്മെന്റും ചെയ്യൂ.","Walk fast, play some sport, dance, do cycling — do whatever movement makes your heart happy.",,,,,
199,13:52-13:56,पर मुझे सुबह काम पे जाना होता है — इतना सब करने का time कहां?,പക്ഷേ എനിക്ക് രാവിലെ ജോലിക്ക് പോവണ്ടേ — ഇതിനൊക്കെ എവിടെ ടൈം?,But I have to go to work in the morning — where is the time for all this?,,,,,
200,13:57-14:03,"हम्म... अगर doctor कहे कि आपके heart में blockage है, तो सब serious हो जाते हैं।",ഹ്മ്... ഹാർട്ടിൽ ബ്ലോക്ക് ഉണ്ടെന്ന് ഡോക്ടർ പറഞ്ഞാൽ എല്ലാവരും സീരിയസ് ആവും.,"Hmm... if the doctor says there is a block in the heart, everyone becomes serious.",,,,,
201,14:03-14:06,"अगर दिमाग़ में blockage हो, तो पूरा परिवार panic हो जाता है।",തലച്ചോറിൽ ബ്ലോക്ക് ആണെങ്കിൽ ഫാമിലി മുഴുവൻ പാനിക് ആവും.,"If the block is in the brain, the whole family panics.",,,,,
202,14:06-14:10,"Windpipe में blockage हो जाए, तो सब कुछ छोड़-छाड़ के hospital भागते हैं।",ശ്വാസംമുട്ടൽ വന്നാൽ എല്ലാം ഇട്ടെറിഞ്ഞ് ഹോസ്പിറ്റലിലേക്ക് ഓടും.,"If breathing gets blocked, they drop everything and run to the hospital.",,,,,
203,14:10-14:14,तो फिर gut में blockage को इतना casually क्यों लेते हैं?,പിന്നെ എന്തിനാ കുടലിലെ ബ്ലോക്കിനെ ഇത്ര കാഷ്വലായി എടുക്കുന്നത്?,Then why take the block in the gut so casually?,,,,,
204,14:14-14:18,जबकि that is the mother of all diseases — even mental health problems.,അതാണല്ലോ മദർ ഓഫ് ഓൾ ഡിസീസസ് — മെന്റൽ ഹെൽത്ത് പ്രോബ്ലംസിന്റെ വരെ.,When that is the mother of all diseases — even of mental health problems.,health-claim,,,,
205,14:18-14:22,"तो इसलिए, आप ये मत सोचिए कि मेरे पास तो ये सब करने का time नहीं है।","അതുകൊണ്ട്, എനിക്ക് ഇതിനൊന്നും ടൈം ഇല്ല എന്ന് ചിന്തിക്കരുത്, കേട്ടോ.","So, do not think that you have no time for any of this, okay.",,,,,
206,14:22-14:28,"आप life में जिस चीज़ को prioritize करेंगे, उसका time निकल ही जाएगा — सच में।","ലൈഫിൽ നിങ്ങൾ എന്തിനാണോ പ്രയോറിറ്റി കൊടുക്കുന്നത്, അതിന് ടൈം കിട്ടും — സത്യമായിട്ടും.","Whatever you give priority to in life, time will be found for it — truly.",,,,,
207,14:29-14:35,बढ़ते हैं अपने constipation healing plan के last step पे। अभी तक आपने ये चार चीज़ें सीखी हैं।,ഇനി നമ്മുടെ മലബന്ധ ഹീലിംഗ് പ്ലാനിന്റെ ലാസ്റ്റ് സ്റ്റെപ്പിലേക്ക്. ഇതുവരെ നിങ്ങൾ ഈ നാല് കാര്യങ്ങൾ പഠിച്ചു.,Now to the last step of our constipation healing plan. So far you have learnt these four things.,,,,,
208,14:35-14:42,"अब सच बताऊं तो ये चार चीज़ें काफ़ी हैं — अगर आप implement करते हैं, तो आप एक हफ़्ते के अंदर-अंदर ही changes देखेंगे।",സത്യം പറഞ്ഞാൽ ഈ നാലും തന്നെ ധാരാളം — ഇത് ചെയ്തു നോക്കിയാൽ ഒരാഴ്ചയ്ക്കുള്ളിൽ തന്നെ മാറ്റങ്ങൾ കാണും.,"To tell the truth, these four alone are plenty — if you try doing them, you will see changes within a week itself.",health-claim,,,,
209,14:42-14:47,"लेकिन ये last step उनके लिए है, जो और ज़्यादा fast results चाहते हैं।",പക്ഷേ ഈ ലാസ്റ്റ് സ്റ്റെപ്പ് കൂടുതൽ ഫാസ്റ്റ് റിസൾട്ട് വേണ്ടവർക്കാണ്.,But this last step is for those who want even faster results.,,,,,
210,14:47-14:51,"और वो है — abdominal wet pack, followed by enema.","അതാണ് — വയറിന് വെറ്റ് പാക്ക്, പിന്നാലെ എനിമ.","That is — a wet pack for the abdomen, followed by an enema.",,,,,
211,14:51-14:55,"Wet pack एक बहुत ही simple tool है, जो nature cure का part है।",വെറ്റ് പാക്ക് വളരെ സിമ്പിളായ ഒരു ടൂളാണ് — നേച്ചർ ക്യൂറിന്റെ ഭാഗമാണ്.,The wet pack is a very simple tool — it is part of nature cure.,,,,,
212,14:55-15:01,एक ठंडे white cotton के कपड़े को आपको तीस-चालीस मिनट के लिए अपने abdomen पे लपेट के रखना है।,തണുത്ത വെള്ളത്തിൽ മുക്കിയ ഒരു വെള്ള കോട്ടൺ തുണി മുപ്പത്-നാൽപ്പത് മിനിറ്റ് വയറിന് ചുറ്റും ചുറ്റി വെക്കണം.,A white cotton cloth dipped in cold water should be wrapped around the abdomen for thirty to forty minutes.,health-claim,,,,
213,15:01-15:04,लगा कर आप कोई भी और काम कर सकते हैं।,അത് വെച്ചോണ്ട് വേറെ എന്ത് പണിയും ചെയ്യാം.,"With it on, you can do any other work.",,,,,
214,15:04-15:08,"जब ये wet pack लगाते हैं, तो body में दो temperature maintain होते हैं —",ഈ വെറ്റ് പാക്ക് വെക്കുമ്പോൾ ബോഡിയിൽ രണ്ട് ടെമ്പറേച്ചർ ആയിരിക്കും —,"When this wet pack is applied, there will be two temperatures in the body —",,,,,
215,15:08-15:11,"जहां wet pack लगा है वो part ठंडा, बाक़ी शरीर गर्म।","വെറ്റ് പാക്ക് ഉള്ള ഭാഗം തണുപ്പ്, ബാക്കി ബോഡി ചൂട്.","The part with the wet pack cold, the rest of the body warm.",,,,,
216,15:11-15:13,इससे blood circulation बढ़ता है।,ഇതോടെ ബ്ലഡ് സർക്കുലേഷൻ കൂടും.,"With this, blood circulation increases.",health-claim,,,,
217,15:13-15:19,"और जब blood circulate होता है, तो toxins, waste — जो intestine के अंदर जमा हुआ है —","ബ്ലഡ് നന്നായി സർക്കുലേറ്റ് ആവുമ്പോൾ, കുടലിനുള്ളിൽ അടിഞ്ഞു കിടക്കുന്ന ടോക്സിൻസും വേസ്റ്റും,","When the blood circulates well, the toxins and waste piled up inside the intestine,",,,,,
218,15:19-15:22,"वो भी धीरे-धीरे अपनी जगह छोड़ने लगता है,","പതിയെ പതിയെ അവയുടെ സ്ഥലം വിട്ട് ഇളകാൻ തുടങ്ങും,","Slowly slowly starts loosening and leaving its place,",,,,,
219,15:22-15:24,और body से निकलने के लिए तैयार होता है।,ബോഡിയിൽ നിന്ന് പുറത്തുപോവാൻ റെഡിയാവും.,And gets ready to leave the body.,,,,,
220,15:25-15:29,"Wet pack लगाने के बाद अगर आप enema लें, तो आपको double फ़ायदा मिलेगा।",വെറ്റ് പാക്കിന് ശേഷം എനിമ കൂടി എടുത്താൽ ഡബിൾ ബെനിഫിറ്റ് കിട്ടും.,"If after the wet pack you also take an enema, you will get double benefit.",health-claim,,,,
221,15:29-15:34,"Enema के through आप अपने rectum में थोड़ा पानी डालते हैं, और उसको hold करते हैं।","എനിമയിലൂടെ റെക്ടത്തിലേക്ക് കുറച്ച് വെള്ളം കയറ്റി, അത് കുറച്ചു നേരം ഹോൾഡ് ചെയ്യുന്നു.",Through the enema you send a little water into the rectum and hold it for a while.,health-claim,,,,
222,15:34-15:39,"और ये पानी अंदर जाके waste को loose करता है, और बाहर निकालने में मदद करता है।","ഈ വെള്ളം ഉള്ളിൽ ചെന്ന് വേസ്റ്റിനെ ഇളക്കി, പുറത്തു കളയാൻ ഹെൽപ്പ് ചെയ്യും.","This water goes inside, loosens the waste, and helps throw it out.",health-claim,,,,
223,15:39-15:46,"और हां, वैसे तो enema आपको किसी chemist shop में मिल जाएगा, लेकिन आपके लिए इसको और convenient बनाने के लिए,","പിന്നെ, എനിമ ഏത് മെഡിക്കൽ ഷോപ്പിലും കിട്ടും — എന്നാലും നിങ്ങൾക്ക് കുറച്ചുകൂടി കൺവീനിയന്റ് ആക്കാൻ വേണ്ടി,","Also, you will get an enema in any medical shop — even so, to make it a bit more convenient for you,",,,,,
224,15:46-15:49,हमने इसको अपनी website पर भी available किया है।,ഞങ്ങളുടെ വെബ്സൈറ്റിലും ഇത് അവൈലബിൾ ആക്കിയിട്ടുണ്ട്.,We have made it available on our website too.,,,,,
225,15:49-15:54,"अगर आप enema या wet pack order करना चाहते हैं, तो यहां click कर सकते हैं।",എനിമയോ വെറ്റ് പാക്കോ ഓർഡർ ചെയ്യണമെങ്കിൽ ഇവിടെ ക്ലിക്ക് ചെയ്യാം.,"If you want to order an enema or wet pack, you can click here.",,,,,
226,15:54-15:58,"और अगर आप enema की पूरी विधि समझना चाहते हैं, तो यहां click करें।",എനിമ എടുക്കുന്ന രീതി മുഴുവനായി അറിയണമെങ്കിൽ ഇവിടെ ക്ലിക്ക് ചെയ്യൂ.,"If you want to know the full method of taking an enema, click here.",,,,,
227,15:58-16:01,"और अगर आप wet pack के बारे में और सीखना चाहते हैं, तो यहां।",വെറ്റ് പാക്കിനെ പറ്റി കൂടുതൽ അറിയാൻ — ഇവിടെ.,To know more about the wet pack — here.,,,,,
228,16:01-16:07,मैं आशा करती हूं कि आप ये steps follow करके अपनी constipation को पूरी तरह heal करेंगे।,ഈ സ്റ്റെപ്സ് ഫോളോ ചെയ്ത് നിങ്ങളുടെ മലബന്ധം പൂർണമായി മാറ്റുമെന്ന് ഞാൻ പ്രതീക്ഷിക്കുന്നു.,I hope that following these steps you will completely heal your constipation.,health-claim,,,,
229,16:07-16:11,अभी के लिए इतना ही — हम जल्द ही वापस मिलेंगे।,ഇപ്പോഴേക്ക് ഇത്രമാത്രം — നമുക്ക് ഉടനെ വീണ്ടും കാണാം.,That is all for now — we will meet again soon.,,,,,
